sido,hospitals,pop_total,pop_40_69,per100k_total,per100k_40_69,sigungu_count,zero_sigungu,zero_pop,zero_pop_share
전남광주(옛 광주),18,1383318,644573,1.3,2.79,5,0,0,0.0
세종특별자치시,5,390585,175922,1.28,2.84,1,0,0,0.0
제주특별자치도,6,662373,319345,0.91,1.88,2,0,0,0.0
서울특별시,81,9279861,4123901,0.87,1.96,25,2,520202,0.056
대구광역시,18,2345828,1119724,0.77,1.61,9,2,185629,0.079
대전광역시,11,1443122,657066,0.76,1.67,5,2,381131,0.264
경기도,95,13777186,6527353,0.69,1.46,31,11,1647766,0.12
충청북도,11,1601942,762084,0.69,1.44,11,9,535424,0.334
인천광역시,20,3068328,1469198,0.65,1.36,11,2,88727,0.029
부산광역시,21,3228188,1524688,0.65,1.38,16,6,995063,0.308
전북특별자치도,9,1716229,811529,0.52,1.11,14,11,575868,0.336
충청남도,10,2139558,1008297,0.47,0.99,15,11,763330,0.357
전남광주(옛 전남),8,1771080,844683,0.45,0.95,22,19,1039538,0.587
강원특별자치도,6,1506701,727055,0.4,0.83,18,15,770821,0.512
경상남도,11,3190549,1592721,0.34,0.69,18,12,633388,0.199
울산광역시,3,1086077,543126,0.28,0.55,5,3,633942,0.584
경상북도,4,2491506,1217733,0.16,0.33,22,19,1668926,0.67
