sido,pop,resmed_n,resmed_per100k,resmed_zero,resmed_zero_pop_share,hira_n,hira_per100k,union_n,union_per100k,union_zero,union_zero_pop_share,units
전남광주(옛 광주),1383318,18,1.3,0,0.0,29,2.1,31,2.24,0,0.0,5
서울특별시,9279861,81,0.87,2,0.056,190,2.05,193,2.08,0,0.0,25
인천광역시,3068328,20,0.65,2,0.029,62,2.02,62,2.02,2,0.029,11
경기도,13777186,95,0.69,11,0.12,245,1.78,249,1.81,3,0.017,31
세종특별자치시,390585,5,1.28,0,0.0,6,1.54,6,1.54,0,0.0,1
대구광역시,2345828,18,0.77,2,0.079,35,1.49,35,1.49,1,0.01,9
대전광역시,1443122,11,0.76,2,0.264,20,1.39,20,1.39,0,0.0,5
부산광역시,3228188,21,0.65,6,0.308,43,1.33,44,1.36,2,0.057,16
제주특별자치도,662373,6,0.91,0,0.0,7,1.06,7,1.06,0,0.0,2
충청북도,1601942,11,0.69,9,0.334,16,1.0,16,1.0,9,0.334,11
전북특별자치도,1716229,9,0.52,11,0.336,16,0.93,17,0.99,10,0.277,14
울산광역시,1086077,3,0.28,3,0.584,8,0.74,8,0.74,1,0.201,5
강원특별자치도,1506701,6,0.4,15,0.512,11,0.73,11,0.73,14,0.375,18
충청남도,2139558,10,0.47,11,0.357,15,0.7,15,0.7,9,0.288,15
경상남도,3190549,11,0.34,12,0.199,21,0.66,21,0.66,12,0.199,18
전남광주(옛 전남),1771080,8,0.45,19,0.587,10,0.56,10,0.56,18,0.499,22
경상북도,2491506,4,0.16,19,0.67,9,0.36,9,0.36,17,0.467,22
