sido,sigungu,code,hospitals,pop_total,pop_40_69,per100k_total,per100k_40_69,centroid_lat,centroid_lng,nearest_km,nearest_hospital
서울특별시,종로구,1111000000,5,135842,61122,3.68,8.18,37.5949,126.9773,2.6,광화문숲 정신건강의학과의원
서울특별시,중구,1114000000,4,117205,51402,3.41,7.78,37.5601,126.9959,0.8,인제대학교 서울백병원
서울특별시,용산구,1117000000,1,199192,87975,0.5,1.14,37.5313,126.9799,2.2,순천향대학교 부속 서울병원
서울특별시,성동구,1120000000,1,274047,120278,0.36,0.83,37.551,127.041,0.7,한양대학교병원
서울특별시,광진구,1121500000,2,330589,142061,0.6,1.41,37.5467,127.0857,1.4,건국대학교병원
서울특별시,동대문구,1123000000,2,353511,149975,0.57,1.33,37.5821,127.0549,1.1,삼육서울병원
서울특별시,중랑구,1126000000,1,376951,175225,0.27,0.57,37.5978,127.0929,0.1,선이비인후과의원
서울특별시,성북구,1129000000,3,420993,187278,0.71,1.6,37.6057,127.0174,2.0,삼혜이비인후과의원
서울특별시,강북구,1130500000,1,277307,130975,0.36,0.76,37.6434,127.0112,1.8,강북보아스이비인후과의원
서울특별시,도봉구,1132000000,0,297772,143053,0.0,0.0,37.6691,127.0324,2.2,새하늘이비인후과의원
서울특별시,노원구,1135000000,4,479643,221437,0.83,1.81,37.6524,127.075,1.2,인제대학교 상계백병원
서울특별시,은평구,1138000000,2,452390,208199,0.44,0.96,37.6192,126.927,1.0,서울아산이비인후과의원
서울특별시,서대문구,1141000000,1,299254,130415,0.33,0.77,37.5778,126.9391,2.5,연세대학교의과대학세브란스병원
서울특별시,마포구,1144000000,1,355806,152555,0.28,0.66,37.5593,126.9083,1.1,랩이비인후과의원
서울특별시,양천구,1147000000,3,419688,200847,0.71,1.49,37.5248,126.8555,1.1,강서하나이비인후과의원
서울특별시,강서구,1150000000,6,547960,240192,1.09,2.5,37.5613,126.8227,0.7,삼성슬립앤마인드의원
서울특별시,구로구,1153000000,2,382163,170824,0.52,1.17,37.4945,126.8565,2.2,서울성모이비인후과의원
서울특별시,금천구,1154500000,0,222430,98461,0.0,0.0,37.4606,126.9008,3.3,신창내과의원
서울특별시,영등포구,1156000000,4,371156,154267,1.08,2.59,37.5223,126.9101,1.4,문래코아이비인후과의원
서울특별시,동작구,1159000000,3,370341,155641,0.81,1.93,37.4989,126.9518,1.3,중앙대학교병원
서울특별시,관악구,1162000000,3,477073,180520,0.63,1.66,37.4673,126.9454,1.7,관악성모이비인후과의원
서울특별시,서초구,1165000000,5,420794,191213,1.19,2.61,37.4733,127.0313,1.4,프레쉬이비인후과의원
서울특별시,강남구,1168000000,18,551907,250813,3.26,7.18,37.4967,127.0629,1.5,연세대학교의과대학 강남세브란스병원
서울특별시,송파구,1171000000,5,648138,291484,0.77,1.72,37.5056,127.1153,0.7,더한별이비인후과의원
서울특별시,강동구,1174000000,4,497709,227689,0.8,1.76,37.5504,127.147,1.0,강동경희대학교의대병원
전남광주통합특별시,목포시,1211000000,3,198797,97577,1.51,3.07,34.8028,126.3905,2.7,하당드림이비인후과의원
전남광주통합특별시,여수시,1213000000,1,259570,125656,0.39,0.8,34.6945,127.6525,8.8,최고이비인후과의원
전남광주통합특별시,순천시,1215000000,4,273175,129039,1.46,3.1,34.9945,127.3894,9.8,수이비인후과의원
전남광주통합특별시,나주시,1217000000,0,116743,52497,0.0,0.0,34.9886,126.7204,18.4,하이코코이비인후과의원
전남광주통합특별시,광양시,1219000000,0,156147,76330,0.0,0.0,35.0195,127.6559,13.8,이노스이비인후과병원
전남광주통합특별시,동구,1221000000,3,105222,44763,2.85,6.7,35.1174,126.9495,3.8,전남대학교병원
전남광주통합특별시,서구,1224000000,2,274282,129216,0.73,1.55,35.1356,126.8505,1.5,코앤영의원
전남광주통합특별시,남구,1227000000,4,204825,94352,1.95,4.24,35.0941,126.8569,3.2,코앤영의원
전남광주통합특별시,북구,1230000000,3,416528,194720,0.72,1.54,35.1933,126.9254,2.3,엔탑이비인후과병원
전남광주통합특별시,광산구,1233000000,6,382461,181522,1.57,3.31,35.1651,126.7529,3.0,하이코코이비인후과의원
전남광주통합특별시,담양군,1271000000,0,43778,21472,0.0,0.0,35.2915,126.9953,13.7,엔탑이비인후과병원
전남광주통합특별시,곡성군,1272000000,0,27725,13440,0.0,0.0,35.2166,127.2635,30.4,굿닥터의원
전남광주통합특별시,구례군,1273000000,0,24653,12247,0.0,0.0,35.2368,127.5031,30.4,이노스이비인후과병원
전남광주통합특별시,고흥군,1274000000,0,59034,27130,0.0,0.0,34.5981,127.315,41.2,최고이비인후과의원
전남광주통합특별시,보성군,1275000000,0,38243,17885,0.0,0.0,34.8143,127.1626,33.0,수이비인후과의원
전남광주통합특별시,화순군,1276000000,0,59793,28919,0.0,0.0,35.0082,127.0335,17.2,로이엘이비인후과의원
전남광주통합특별시,장흥군,1277000000,0,33845,15865,0.0,0.0,34.6753,126.922,47.4,하당목포이비인후과의원
전남광주통합특별시,강진군,1278000000,0,31574,14622,0.0,0.0,34.6203,126.7722,37.7,하당목포이비인후과의원
전남광주통합특별시,해남군,1279000000,0,61816,29654,0.0,0.0,34.5586,126.5113,28.5,조연이비인후과병원
전남광주통합특별시,영암군,1280000000,0,49943,25087,0.0,0.0,34.797,126.6262,18.0,하당목포이비인후과의원
전남광주통합특별시,무안군,1281000000,0,95516,42790,0.0,0.0,34.9537,126.4252,16.2,하당목포이비인후과의원
전남광주통합특별시,함평군,1282000000,0,29851,14178,0.0,0.0,35.1127,126.5355,22.4,하이코코이비인후과의원
전남광주통합특별시,영광군,1283000000,0,53608,24369,0.0,0.0,35.279,126.4503,33.2,하이코코이비인후과의원
전남광주통합특별시,장성군,1284000000,0,43103,20544,0.0,0.0,35.3296,126.7686,13.9,첨단종합병원
전남광주통합특별시,완도군,1285000000,0,44029,20950,0.0,0.0,34.2945,126.7785,65.4,조연이비인후과병원
전남광주통합특별시,진도군,1286000000,0,27764,13121,0.0,0.0,34.4366,126.211,45.1,조연이비인후과병원
전남광주통합특별시,신안군,1287000000,0,42373,21311,0.0,0.0,34.8098,126.0423,34.5,하당드림이비인후과의원
부산광역시,중구,2611000000,1,36010,16573,2.78,6.03,35.1054,129.0321,1.3,부산대학교병원
부산광역시,서구,2614000000,3,100738,47204,2.98,6.36,35.1027,129.015,0.5,부산대학교병원
부산광역시,동구,2617000000,0,82988,38439,0.0,0.0,35.1283,129.0448,2.7,동아대학교병원
부산광역시,영도구,2620000000,0,99959,48092,0.0,0.0,35.0787,129.0648,4.5,고신대학교복음병원
부산광역시,부산진구,2623000000,6,363992,162253,1.65,3.7,35.1653,129.0431,0.9,디에이치성형외과의원
부산광역시,동래구,2626000000,2,270259,127463,0.74,1.57,35.2062,129.0791,1.8,삼성스마트신경과의원
부산광역시,남구,2629000000,1,254990,116471,0.39,0.86,35.1252,129.0944,2.1,부산성모병원(재단법인 천주교부산교구유지재단)
부산광역시,북구,2632000000,0,260063,129220,0.0,0.0,35.2293,129.0234,5.8,삼성스마트신경과의원
부산광역시,해운대구,2635000000,3,369448,181010,0.81,1.66,35.1937,129.1536,2.6,정앤김이비인후과의원
부산광역시,사하구,2638000000,1,280853,138883,0.36,0.72,35.0861,128.9704,2.2,부산숨이비인후과의원
부산광역시,금정구,2641000000,0,205257,95980,0.0,0.0,35.2589,129.0915,4.2,삼성스마트신경과의원
부산광역시,강서구,2644000000,0,155165,69725,0.0,0.0,35.1368,128.8914,7.6,부산숨이비인후과의원
부산광역시,연제구,2647000000,2,211692,97616,0.94,2.05,35.1824,129.083,0.4,부산이비인후과의원
부산광역시,수영구,2650000000,1,169566,76410,0.59,1.31,35.1612,129.1114,0.7,"부산달팽이 신경과,이비인후과 의원"
부산광역시,사상구,2653000000,0,191631,95815,0.0,0.0,35.158,128.9866,3.4,인제대학교부산백병원
부산광역시,기장군,2671000000,1,175577,83534,0.57,1.2,35.2979,129.201,5.1,코엔이비인후과의원부산성모병원(재단법인 천주교부산교구유지재단)베스트이비인후과의원연세대학교 원주세브란스기독병원한림대학교성심병원두리이비인후과의원
대구광역시,중구,2711000000,3,102082,40708,2.94,7.37,35.8665,128.5935,0.4,후이비인후과의원
대구광역시,동구,2714000000,2,338592,157923,0.59,1.27,35.9345,128.6857,4.4,이시아이비인후과의원
대구광역시,서구,2717000000,0,163197,80659,0.0,0.0,35.8751,128.5497,2.8,코리아이비인후과의원
대구광역시,남구,2720000000,4,141804,64694,2.82,6.18,35.8351,128.5853,1.5,영남대학교병원
대구광역시,북구,2723000000,1,406186,195819,0.25,0.51,35.9289,128.5774,3.3,칠곡경북대학교병원
대구광역시,수성구,2726000000,4,407572,195481,0.98,2.05,35.8338,128.6612,2.3,예일이비인후과의원
대구광역시,달서구,2729000000,3,512374,250749,0.59,1.2,35.8277,128.5289,0.2,다니엘이비인후과의원
대구광역시,달성군,2771000000,1,251589,122376,0.4,0.82,35.7597,128.4983,4.9,더나은이비인후과의원
대구광역시,군위군,2772000000,0,22432,11315,0.0,0.0,36.1701,128.6481,24.9,칠곡경북대학교병원
인천광역시,제물포구,2812500000,1,99174,47993,1.01,2.08,,,,
인천광역시,영종구,2815500000,1,139382,59663,0.72,1.68,,,,
인천광역시,미추홀구,2817700000,1,419583,196601,0.24,0.51,37.4525,126.6646,1.9,맑은코아이비인후과의원
인천광역시,연수구,2818500000,4,410511,195023,0.97,2.05,37.394,126.6482,1.6,송도코엔이비인후과의원
인천광역시,남동구,2820000000,3,478372,235291,0.63,1.28,37.4309,126.7265,2.7,의료법인 길의료재단 길병원
인천광역시,부평구,2823700000,3,487060,234205,0.62,1.28,37.4966,126.7211,1.4,가톨릭대학교인천성모병원
인천광역시,계양구,2824500000,2,275766,142573,0.73,1.4,37.5573,126.7346,2.8,인천세종병원
인천광역시,서해구,2827500000,3,392114,188870,0.77,1.59,,,,
인천광역시,검단구,2829000000,2,277639,125562,0.72,1.59,,,,
인천광역시,강화군,2871000000,0,69469,33937,0.0,0.0,37.7125,126.4023,21.1,바로이비인후과의원
인천광역시,옹진군,2872000000,0,19258,9480,0.0,0.0,37.5227,125.6669,78.9,맑은하늘이비인후과의원
대전광역시,동구,3011000000,0,217857,99523,0.0,0.0,36.324,127.4751,4.6,학교법인 가톨릭학원 가톨릭대학교 대전성모병원
대전광역시,중구,3014000000,3,223474,103631,1.34,2.89,36.2808,127.4111,4.1,충남대학교병원
대전광역시,서구,3017000000,6,464189,209007,1.29,2.87,36.2804,127.3452,2.9,학교법인 건양교육재단 건양대학교병원
대전광역시,유성구,3020000000,2,374328,163425,0.53,1.22,36.3767,127.3333,0.8,의료법인영훈의료재단 유성선병원
대전광역시,대덕구,3023000000,0,163274,81480,0.0,0.0,36.4123,127.4401,8.1,양이비인후과의원
울산광역시,중구,3111000000,0,202430,101556,0.0,0.0,35.5711,129.3082,2.6,학교법인 울산공업학원 울산대학교병원
울산광역시,남구,3114000000,2,304783,149164,0.66,1.34,35.5155,129.3293,2.4,하나이비인후과병원
울산광역시,동구,3117000000,1,147352,74590,0.68,1.34,35.5254,129.4262,7.3,굿모닝이비인후과의원
울산광역시,북구,3120000000,0,213305,105627,0.0,0.0,35.6101,129.3799,8.6,굿모닝이비인후과의원
울산광역시,울주군,3171000000,0,218207,112189,0.0,0.0,35.5462,129.1875,11.5,학교법인 울산공업학원 울산대학교병원
세종특별자치시,세종시,3611000000,5,390585,175922,1.28,2.84,36.5606,127.2588,4.6,세종충남대학교병원
경기도,수원시,4111000000,14,1186308,542046,1.18,2.58,37.2804,127.0077,0.4,화서탑내과의원
경기도,성남시,4113000000,12,899160,418441,1.33,2.87,37.4074,127.1163,1.6,윙이비인후과의원
경기도,의정부시,4115000000,4,462008,221481,0.87,1.81,37.7362,127.0684,1.5,모두이비인후과의원
경기도,안양시,4117000000,1,562140,262377,0.18,0.38,37.4027,126.9279,3.2,한림대학교성심병원
경기도,부천시,4119000000,3,753731,372686,0.4,0.8,37.5042,126.7887,2.4,순천향대학교부속부천병원
경기도,광명시,4121000000,2,303707,142378,0.66,1.4,37.4452,126.8647,3.4,서울아산이비인후과의원
경기도,평택시,4122000000,4,624536,284691,0.64,1.41,37.0154,126.9935,3.4,고덕센트럴이비인후과의원
경기도,동두천시,4125000000,0,86135,42367,0.0,0.0,37.9165,127.0779,17.6,가톨릭대학교의정부성모병원
경기도,안산시,4127000000,6,608343,304329,0.99,1.97,37.2908,126.7469,5.9,예플러스이비인후과의원
경기도,고양시,4128000000,11,1056532,513029,1.04,2.14,37.665,126.8369,1.0,코아이비인후과의원
경기도,과천시,4129000000,0,81031,35666,0.0,0.0,37.4339,127.0027,5.8,딥슬립의원
경기도,구리시,4131000000,2,188155,91364,1.06,2.19,37.5992,127.1312,0.2,한양대학교구리병원
경기도,남양주시,4136000000,3,727066,353205,0.41,0.85,37.6625,127.2436,7.4,이룸이비인후과의원
경기도,오산시,4137000000,1,255729,118980,0.39,0.84,37.1633,127.0512,1.4,세교서울이비인후과의원
경기도,시흥시,4139000000,3,515633,253290,0.58,1.18,37.3861,126.7836,3.0,더이비인후과의원
경기도,군포시,4141000000,2,248959,120912,0.8,1.65,37.3435,126.9212,3.0,서울아산센트럴의원
경기도,의왕시,4143000000,0,167093,77915,0.0,0.0,37.3623,126.9895,4.1,한림대학교성심병원
경기도,하남시,4145000000,3,327373,152036,0.92,1.97,37.5228,127.2059,4.5,미사연세이비인후과의원
경기도,용인시,4146000000,2,1090103,506118,0.18,0.4,37.2215,127.2217,8.6,연세대학교 의과대학 용인세브란스병원
경기도,파주시,4148000000,2,536640,251181,0.37,0.8,37.8555,126.8096,15.5,늘봄이비인후과의원
경기도,이천시,4150000000,0,227007,105101,0.0,0.0,37.2099,127.4809,30.3,연세대학교 의과대학 용인세브란스병원
경기도,안성시,4155000000,0,199288,96079,0.0,0.0,37.035,127.3028,17.2,비전이비인후과소아청소년과의원
경기도,김포시,4157000000,9,483599,230333,1.86,3.91,37.6816,126.6263,3.9,바로이비인후과의원
경기도,화성시,4159000000,10,1001559,447478,1.0,2.23,37.1638,126.8593,8.4,성모우리이비인후과의원
경기도,광주시,4161000000,0,401476,201228,0.0,0.0,37.4031,127.3012,13.9,차의과학대학교분당차병원
경기도,양주시,4163000000,1,298139,139442,0.34,0.72,37.8086,127.0012,8.7,가톨릭대학교의정부성모병원
경기도,포천시,4165000000,0,140366,71876,0.0,0.0,37.9699,127.2504,27.9,학교법인 을지학원 의정부을지대학교병원
경기도,여주시,4167000000,0,113202,56784,0.0,0.0,37.3025,127.6157,28.8,김영석이비인후과의원
경기도,연천군,4180000000,0,43195,19876,0.0,0.0,38.0971,127.0239,38.0,가톨릭대학교의정부성모병원
경기도,가평군,4182000000,0,61954,30848,0.0,0.0,37.8186,127.4502,26.1,이룸이비인후과의원
경기도,양평군,4183000000,0,127019,63816,0.0,0.0,37.518,127.5792,32.4,강내과의원
충청북도,청주시,4311000000,10,860937,394561,1.16,2.53,36.6273,127.4987,2.5,충북대학교병원
충청북도,충주시,4313000000,1,205581,100210,0.49,1.0,37.0152,127.8956,4.2,안기현이비인후과의원
충청북도,제천시,4315000000,0,127880,62272,0.0,0.0,37.06,128.1409,21.6,안기현이비인후과의원
충청북도,보은군,4372000000,0,31566,15714,0.0,0.0,36.49,127.7294,25.0,충북대학교병원
충청북도,옥천군,4373000000,0,50775,25468,0.0,0.0,36.3204,127.6566,20.9,학교법인 가톨릭학원 가톨릭대학교 대전성모병원
충청북도,영동군,4374000000,0,43080,21499,0.0,0.0,36.1597,127.8143,39.5,학교법인 가톨릭학원 가톨릭대학교 대전성모병원
충청북도,증평군,4374500000,0,36769,17561,0.0,0.0,36.7866,127.6046,16.1,드림이비인후과의원
충청북도,진천군,4375000000,0,85620,42005,0.0,0.0,36.871,127.4404,11.6,단국대학교의과대학부속병원
충청북도,괴산군,4376000000,0,37074,19366,0.0,0.0,36.7697,127.8296,24.9,안기현이비인후과의원
충청북도,음성군,4377000000,0,96203,49506,0.0,0.0,36.9762,127.6142,27.0,안기현이비인후과의원
충청북도,단양군,4380000000,0,26457,13922,0.0,0.0,36.9945,128.3879,41.8,안기현이비인후과의원
충청남도,천안시,4413000000,5,666700,309525,0.75,1.62,36.8041,127.2025,5.8,삼성스마트김석재신경과의원
충청남도,공주시,4415000000,0,99424,47246,0.0,0.0,36.4799,127.075,16.1,코알이비인후과의원
충청남도,보령시,4418000000,0,90916,44745,0.0,0.0,36.3398,126.5905,41.8,군산속편한내과의원
충청남도,아산시,4420000000,3,366594,167334,0.82,1.79,36.8074,126.9801,4.1,아산두리이비인후과의원
충청남도,서산시,4421000000,1,170634,81868,0.59,1.22,36.7847,126.4632,1.8,참이비인후과의원
충청남도,논산시,4423000000,0,105661,50721,0.0,0.0,36.1909,127.1578,20.8,학교법인 건양교육재단 건양대학교병원
충청남도,계룡시,4425000000,0,45915,22340,0.0,0.0,36.2917,127.2345,9.7,학교법인 건양교육재단 건양대학교병원
충청남도,당진시,4427000000,1,172300,83538,0.58,1.2,36.9045,126.6521,2.3,코아이비인후과의원
충청남도,금산군,4471000000,0,48684,24177,0.0,0.0,36.119,127.4784,22.8,충남대학교병원
충청남도,부여군,4476000000,0,57473,27265,0.0,0.0,36.2464,126.857,33.6,드림이비인후과의원
충청남도,서천군,4477000000,0,46519,21825,0.0,0.0,36.1068,126.7037,15.2,군산속편한내과의원
충청남도,청양군,4479000000,0,29998,14265,0.0,0.0,36.4306,126.853,36.6,코알이비인후과의원
충청남도,홍성군,4480000000,0,101926,47042,0.0,0.0,36.5701,126.6257,27.5,참이비인후과의원
충청남도,예산군,4481000000,0,78010,37268,0.0,0.0,36.6706,126.7842,24.2,아산두리이비인후과의원
충청남도,태안군,4482500000,0,58804,29138,0.0,0.0,36.7074,126.2792,16.9,참이비인후과의원
경상북도,포항시,4711000000,2,486788,239751,0.41,0.83,36.0929,129.3054,9.8,의료법인한성재단포항세명기독병원
경상북도,경주시,4713000000,1,242405,121709,0.41,0.82,35.8266,129.236,2.8,경주성모안과의원
경상북도,김천시,4715000000,0,132274,63453,0.0,0.0,36.0605,128.0778,42.9,계명대학교동산병원
경상북도,안동시,4717000000,0,151366,70464,0.0,0.0,36.5803,128.78,69.9,영천중앙이비인후과의원
경상북도,구미시,4719000000,0,402657,197262,0.0,0.0,36.2073,128.3555,33.6,칠곡경북대학교병원
경상북도,영주시,4721000000,0,96133,45746,0.0,0.0,36.8705,128.5976,61.7,안기현이비인후과의원
경상북도,영천시,4723000000,1,93387,46207,1.07,2.16,36.0158,128.9426,5.7,영천중앙이비인후과의원
경상북도,상주시,4725000000,0,88825,42699,0.0,0.0,36.4296,128.067,55.2,충북대학교병원
경상북도,문경시,4728000000,0,64669,31226,0.0,0.0,36.6908,128.1487,38.4,안기현이비인후과의원
경상북도,경산시,4729000000,0,262849,123740,0.0,0.0,35.8341,128.8091,14.9,예일이비인후과의원
경상북도,의성군,4773000000,0,47861,22878,0.0,0.0,36.362,128.615,45.3,칠곡경북대학교병원
경상북도,청송군,4775000000,0,24618,12181,0.0,0.0,36.357,129.0574,44.9,영천중앙이비인후과의원
경상북도,영양군,4776000000,0,15960,7880,0.0,0.0,36.6964,129.145,77.9,의료법인한성재단포항세명기독병원
경상북도,영덕군,4777000000,0,32477,15722,0.0,0.0,36.4825,129.3176,51.8,의료법인한성재단포항세명기독병원
경상북도,청도군,4782000000,0,39954,19930,0.0,0.0,35.6729,128.7865,20.5,예일이비인후과의원
경상북도,고령군,4783000000,0,29374,15157,0.0,0.0,35.7372,128.3068,18.9,더나은이비인후과의원
경상북도,성주군,4784000000,0,40246,20985,0.0,0.0,35.9072,128.2333,23.0,계명대학교동산병원
경상북도,칠곡군,4785000000,0,103288,55729,0.0,0.0,36.0155,128.4626,11.3,칠곡경북대학교병원
경상북도,예천군,4790000000,0,53256,23659,0.0,0.0,36.6539,128.4224,57.9,안기현이비인후과의원
경상북도,봉화군,4792000000,0,28013,13955,0.0,0.0,36.9342,128.913,67.8,누가이비인후과의원
경상북도,울진군,4793000000,0,46382,22583,0.0,0.0,36.9041,129.3124,70.9,누가이비인후과의원
경상북도,울릉군,4794000000,0,8724,4817,0.0,0.0,37.5019,130.8636,154.2,누가이비인후과의원
경상남도,창원시,4812000000,4,984721,490717,0.41,0.82,35.2015,128.6001,4.7,학교법인성균관대학삼성창원병원
경상남도,진주시,4817000000,1,333850,155024,0.3,0.65,35.2052,128.1298,4.0,경상국립대학교병원
경상남도,통영시,4822000000,1,115838,60799,0.86,1.64,34.8249,128.3741,6.1,DO두신경과의원
경상남도,사천시,4824000000,0,107862,53001,0.0,0.0,35.0494,128.0373,15.8,경상국립대학교병원
경상남도,김해시,4825000000,2,533161,269967,0.38,0.74,35.2722,128.8452,4.3,아이비이비인후과의원
경상남도,밀양시,4827000000,0,98171,49263,0.0,0.0,35.4985,128.7897,27.3,양산부산대학교병원
경상남도,거제시,4831000000,2,228629,123366,0.87,1.62,34.8702,128.6235,1.5,거제아동병원
경상남도,양산시,4833000000,1,360962,178898,0.28,0.56,35.4019,129.041,8.7,양산부산대학교병원
경상남도,의령군,4872000000,0,24520,12077,0.0,0.0,35.3924,128.2771,28.5,경상국립대학교병원
경상남도,함안군,4873000000,0,56522,29174,0.0,0.0,35.291,128.4309,15.0,예일이비인후과의원
경상남도,창녕군,4874000000,0,54046,27290,0.0,0.0,35.5083,128.4929,30.3,서울삼성신경과의원
경상남도,고성군,4882000000,0,46662,23573,0.0,0.0,35.016,128.2906,21.2,DO두신경과의원
경상남도,남해군,4884000000,0,41032,19519,0.0,0.0,34.8178,127.9417,21.1,최고이비인후과의원
경상남도,하동군,4885000000,0,39524,19958,0.0,0.0,35.1373,127.7792,29.1,경상국립대학교병원
경상남도,산청군,4886000000,0,32608,16452,0.0,0.0,35.3686,127.8844,28.0,경상국립대학교병원
경상남도,함양군,4887000000,0,35036,17107,0.0,0.0,35.5517,127.7221,53.0,경상국립대학교병원
경상남도,거창군,4888000000,0,58712,27721,0.0,0.0,35.7326,127.9041,53.7,계명대학교동산병원
경상남도,합천군,4889000000,0,38693,18815,0.0,0.0,35.5767,128.1416,41.0,더나은이비인후과의원
제주특별자치도,제주시,5011000000,4,484079,230050,0.83,1.74,33.4429,126.5293,3.4,제주대학교병원
제주특별자치도,서귀포시,5013000000,2,178294,89295,1.12,2.24,33.3243,126.5811,8.0,삼성맘편한신경과의원
강원특별자치도,춘천시,5111000000,2,284801,129527,0.7,1.54,37.8899,127.74,0.6,한림대학교부속 춘천성심병원
강원특별자치도,원주시,5113000000,3,365634,174429,0.82,1.72,37.3083,127.9295,4.8,연세대학교 원주세브란스기독병원
강원특별자치도,강릉시,5115000000,0,205547,100055,0.0,0.0,37.7092,128.8324,32.5,누가이비인후과의원
강원특별자치도,동해시,5117000000,1,85445,42493,1.17,2.35,37.5069,129.0558,5.5,누가이비인후과의원
강원특별자치도,태백시,5119000000,0,36642,18479,0.0,0.0,37.1724,128.9801,40.7,누가이비인후과의원
강원특별자치도,속초시,5121000000,0,78735,39613,0.0,0.0,38.1761,128.5196,75.5,한림대학교부속 춘천성심병원
강원특별자치도,삼척시,5123000000,0,60057,29095,0.0,0.0,37.2775,129.122,27.2,누가이비인후과의원
강원특별자치도,홍천군,5172000000,0,65764,33067,0.0,0.0,37.7449,128.0745,32.5,강원대학교병원
강원특별자치도,횡성군,5173000000,0,45417,23342,0.0,0.0,37.509,128.0771,21.0,홍&권이비인후과의원
강원특별자치도,영월군,5175000000,0,35570,18282,0.0,0.0,37.204,128.5001,51.2,홍&권이비인후과의원
강원특별자치도,평창군,5176000000,0,39854,21158,0.0,0.0,37.557,128.4828,52.3,홍&권이비인후과의원
강원특별자치도,정선군,5177000000,0,35137,18972,0.0,0.0,37.3788,128.739,36.9,누가이비인후과의원
강원특별자치도,철원군,5178000000,0,39593,18084,0.0,0.0,38.2438,127.4135,49.2,한림대학교부속 춘천성심병원
강원특별자치도,화천군,5179000000,0,23023,10119,0.0,0.0,38.1384,127.6852,28.7,한림대학교부속 춘천성심병원
강원특별자치도,양구군,5180000000,0,20322,9238,0.0,0.0,38.1781,128.0012,39.8,한림대학교부속 춘천성심병원
강원특별자치도,인제군,5181000000,0,30636,14246,0.0,0.0,38.069,128.2633,50.2,한림대학교부속 춘천성심병원
강원특별자치도,고성군,5182000000,0,27203,13136,0.0,0.0,38.3774,128.3998,79.5,한림대학교부속 춘천성심병원
강원특별자치도,양양군,5183000000,0,27321,13720,0.0,0.0,38.0046,128.5953,70.5,누가이비인후과의원
전북특별자치도,전주시,5211000000,7,618328,285592,1.13,2.45,35.8282,127.1158,0.8,탑이비인후과의원
전북특별자치도,군산시,5213000000,1,255575,124839,0.39,0.8,35.9488,126.7186,4.2,군산속편한내과의원
전북특별자치도,익산시,5214000000,1,266458,127116,0.38,0.79,36.0232,126.9895,7.3,드림이비인후과의원
전북특별자치도,정읍시,5218000000,0,100531,48347,0.0,0.0,35.6027,126.9059,28.3,베스트이비인후과의원
전북특별자치도,남원시,5219000000,0,73452,35117,0.0,0.0,35.4225,127.442,51.4,김양박이비인후과의원
전북특별자치도,김제시,5221000000,0,81522,37983,0.0,0.0,35.8069,126.8961,18.3,드림이비인후과의원
전북특별자치도,완주군,5271000000,0,100719,47657,0.0,0.0,35.9188,127.2152,9.8,대자인병원
전북특별자치도,진안군,5272000000,0,25006,12225,0.0,0.0,35.8289,127.4301,25.0,대자인병원
전북특별자치도,무주군,5273000000,0,23499,11451,0.0,0.0,35.9394,127.713,49.8,충남대학교병원
전북특별자치도,장수군,5274000000,0,21183,10181,0.0,0.0,35.6576,127.5444,41.1,대자인병원
전북특별자치도,임실군,5275000000,0,25344,11892,0.0,0.0,35.5982,127.2366,25.3,김양박이비인후과의원
전북특별자치도,순창군,5277000000,0,27666,13227,0.0,0.0,35.4336,127.0901,31.5,엔탑이비인후과병원
전북특별자치도,고창군,5279000000,0,49996,23233,0.0,0.0,35.4491,126.6158,32.8,첨단종합병원
전북특별자치도,부안군,5280000000,0,46950,22669,0.0,0.0,35.6776,126.6422,32.9,군산속편한내과의원
