id,name,address,lat,lng,addr_unit,coord_unit(2018경계),km_to_addr_unit,verdict,detail_lat,detail_lng,km_json_vs_detail
gangwonnugaent,누가이비인후과의원,강원도 동해시 한섬로 111-7,37.52221,129.11555,강원 동해시,강원 동해시,,일치,37.52226414,129.1153327,0.02
gangwonkysent,김영석이비인후과의원,강원도 원주시 원문로 116,37.35688,127.93463,강원 원주시,강원 원주시,,일치,37.35692241,127.9347741,0.01
gangwonyeonsewonjuseverance,연세대학교 원주세브란스기독병원,강원도 원주시 일산로 20,37.34904,127.9468,강원 원주시,강원 원주시,,일치,37.8840666,127.7402397,62.21
gangwonhkent,홍&권이비인후과의원,강원도 원주시 중앙로 105,37.34949,127.95069,강원 원주시,강원 원주시,,일치,37.34945039,127.9506651,0.0
gangwonuniv,강원대학교병원,강원도 춘천시 백령로 156,37.87539,127.74394,강원 춘천시,강원 춘천시,,일치,37.52217783,129.1161276,126.96
gangwonhanlimchuncheon,한림대학교부속 춘천성심병원,강원도 춘천시 삭주로 77,37.88453,127.74096,강원 춘천시,강원 춘천시,,일치,37.88410785,127.7401265,0.09
gyeonggibomboment,봄봄이비인후과의원,경기도 고양시 덕양구 권율대로 672 3호선 원흥역 봄오피스텔 3층 313~315호 (원흥동),37.287,127.05798,경기 고양시덕양구,경기 수원시영통구,36.14,불일치_5km이상,37.701035,126.930725,47.39
gyeonggidoorient,향동두리이비인후과의원,경기도 고양시 덕양구 꽃마을로 4 퍼스트타워 4층 404호 (향동동),37.59872,126.89244,경기 고양시덕양구,경기 고양시덕양구,,일치,37.59872,126.89244,0.0
gyeonggicoaent,코아이비인후과의원,"경기도 고양시 덕양구 마상로154번길 68 문덕메디칼빌딩 301호,303호호",37.6564,126.83692,경기 고양시덕양구,경기 고양시덕양구,,일치,37.6564,126.83692,0.0
gyeonggimyungji,의료법인명지의료재단명지병원,경기도 고양시 덕양구 화수로14번길 55 (화정동),37.64485,126.83148,경기 고양시덕양구,경기 고양시덕양구,,일치,37.64485,126.83148,0.0
gyeonggiilsanbudist,동국대학교일산불교병원,"경기도 고양시 일산동구 동국로 27 (식사동, 동국대학교일산병원)",37.67666,126.80721,경기 고양시일산동구,경기 고양시일산동구,,일치,37.68461,126.81102,0.95
gyeonggiilsanent,일산이비인후과의원,"경기도 고양시 일산동구 무궁화로 39 (장항동, 삼라마이다스 3차 206,209,210호)",37.6633,126.76849,경기 고양시일산동구,경기 고양시일산동구,,일치,37.6633,126.76849,0.0
gyeongginhimilsan,국민건강보험공단일산병원,경기도 고양시 일산동구 일산로 100,37.64135,126.78602,경기 고양시일산동구,경기 고양시일산동구,,일치,37.64135,126.78602,0.0
gyeonggisoom,숨수면의원,"경기도 고양시 일산동구 일산로 46 남정시티프라자 409호, 410호 (백석동)",37.64259,126.78787,경기 고양시일산동구,경기 고양시일산동구,,일치,37.64259,126.78787,0.0
gyeonggiheavenly,해븐리병원,경기도 고양시 일산동구 중산로 117,37.68255,126.78119,경기 고양시일산동구,경기 고양시일산동구,,일치,37.68255,126.78119,0.0
gyeonggiilsanpaik,인제대학교일산백병원,경기도 고양시 일산서구 주화로 170 (대화동),37.67401,126.75021,경기 고양시일산서구,경기 고양시일산서구,,일치,37.67401,126.75021,0.0
gyeonggihansarangent,한사랑그린이비인후과의원,"경기도 고양시 일산서구 중앙로 1416 7층 (주엽동, 한사랑빌딩)",37.66971,126.76288,경기 고양시일산서구,경기 고양시일산서구,,일치,37.66971,126.76288,0.0
gyeonggiseoulasanent,서울아산이비인후과의원,"경기도 광명시 오리로 865 2층 1호 (철산동, 명지빌딩)",37.47536,126.86597,경기 광명시,경기 광명시,,일치,37.47536,126.86597,0.0
gyeonggiseoulsaintent,서울성모이비인후과의원,"경기도 광명시 오리로 870 6층 (철산동, 스타힐스빌딩)",37.47595,126.86595,경기 광명시,경기 광명시,,일치,37.47595,126.86595,0.0
gyeonggihanyanggooli,한양대학교구리병원,경기도 구리시 경춘로 153 (교문동),37.60093,127.1324,경기 구리시,경기 구리시,,일치,37.60093,127.1324,0.0
gyeonggiopenent,열린이비인후과의원,경기도 구리시 경춘로227번길 14 303호,37.60127,127.14002,경기 구리시,경기 구리시,,일치,37.60127,127.14002,0.0
gyeonggiseoulasancentral,서울아산센트럴의원,경기도 군포시 송부로34번길 35 센트럴프라자 2층 (도마교동),37.31628,126.91957,경기 군포시,경기 군포시,,일치,37.31628,126.91957,0.0
gyeonggiflowerdreament,꽃드림이비인후과의원,"경기도 군포시 송부로74번길 3-40 금강프라자 204,205,206호 (도마교동)",37.31633,126.92429,경기 군포시,경기 군포시,,일치,37.31633,126.92429,0.0
gyeonggiverygoodent,참좋은이비인후과의원,경기도 김포시 걸포2로 33 401호 (걸포동),37.6333,126.7036,경기 김포시,경기 김포시,,일치,37.6333,126.7036,0.0
gyeonggitreeent,트리이비인후과의원,경기도 김포시 고촌읍 수기로 115 센트럴타워 501~2호,37.59337,126.7637,경기 김포시,경기 김포시,,일치,37.59337,126.7637,0.0
gyeonggiheezmedi,히즈메디병원,경기도 김포시 김포대로 681 (풍무동),37.61128,126.73477,경기 김포시,경기 김포시,,일치,37.61128,126.73477,0.0
gyeonggidreament,드림이비인후과의원,경기도 김포시 김포대로 709 퍼스트블루 503~4호 (풍무동),37.61234,126.73194,경기 김포시,경기 김포시,,일치,37.61234,126.73194,0.0
gyeonggikimpohanaent,김포하나이비인후과의원,경기도 김포시 김포한강1로 227 광장프라자 306호 (운양동),37.65395,126.68245,경기 김포시,경기 김포시,,일치,37.65395,126.68245,0.0
gyeonggihient,하이이비인후과의원,"경기도 김포시 김포한강2로 222 305,306호 (장기동, 대영메디칼아카데미)",37.64028,126.6759,경기 김포시,경기 김포시,,일치,37.64028,126.6759,0.0
gyeonggibaroent,바로이비인후과의원,경기도 김포시 김포한강4로 507 2층 207호 (구래동),37.64624,126.62751,경기 김포시,경기 김포시,,일치,37.64624,126.62751,0.0
gyeonggiclearent,상쾌한이비인후과의원,경기도 김포시 양도로 23 오성프라자 3층 302호 (풍무동),37.60665,126.72518,경기 김포시,경기 김포시,,일치,37.60665,126.72518,0.0
gyeonggiyunseiandetooent,연세와이투이비인후과의원,경기도 김포시 풍무로 25 303호,37.59798,126.72025,경기 김포시,경기 김포시,,일치,37.59798,126.72025,0.0
gyeonggikangim,강내과의원,경기도 남양주시 와부읍 덕소로 214 (),37.57942,127.22005,경기 남양주시,경기 남양주시,,일치,37.57942,127.22005,0.0
gyeonggierooment,이룸이비인후과의원,경기도 남양주시 진접읍 해밀예당1로 30 센타프라자 6층,37.71175,127.18636,경기 남양주시,경기 남양주시,,일치,37.71175,127.18636,0.0
gyeonggilhospital,엘병원,경기도 남양주시 퇴계원읍 퇴계원로 20 지하2~지상7층 일부제외호,37.64877,127.14088,경기 남양주시,경기 남양주시,,일치,37.64877,127.14088,0.0
gyeonggiclearsaintent,맑은성모이비인후과의원,경기도 부천시 석천로183번길 35 301호,37.504,126.76103,경기 부천시,경기 부천시,,일치,37.504,126.76103,0.0
gyeonggibusheoncoeent,부천코엔이비인후과의원,"경기도 부천시 소사로 754 2층일부, 3층일부 (원종동)",37.5232,126.80507,경기 부천시,경기 부천시,,일치,37.5232,126.80507,0.0
gyeonggischmcbucheon,순천향대학교부속부천병원,경기도 부천시 조마루로 170 (중동),37.49912,126.76256,경기 부천시,경기 부천시,,일치,37.49912,126.76256,0.0
gyeonggisnubh,분당서울대학교병원,"경기도 성남시 분당구 구미로173번길 82 (구미동, 분당서울대학교병원)",37.34517,127.12503,경기 성남시분당구,경기 성남시분당구,,일치,37.34517,127.12503,0.0
gyeonggidmcbundang,대진의료재단 분당제생병원,경기도 성남시 분당구 서현로180번길 20 (서현동),37.38779,127.12196,경기 성남시분당구,경기 성남시분당구,,일치,37.38779,127.12196,0.0
gyeonggi365syseoulent,365에스와이(SY)서울연세이비인후과의원,"경기도 성남시 분당구 서현로210번길 20 3,4층 305-3,306,402호 (서현동, 코코프라자)",37.37439,127.13613,경기 성남시분당구,경기 성남시분당구,,일치,37.37439,127.13613,0.0
gyeonggileehongent,리앤홍이비인후과의원,"경기도 성남시 분당구 성남대로331번길 7 401호 402-1일부호 (정자동, 정자스타빌딩)",37.37109,127.10739,경기 성남시분당구,경기 성남시분당구,,일치,37.37109,127.10739,0.0
gyeonggibundangchamc,차의과학대학교분당차병원,경기도 성남시 분당구 야탑로 59 (야탑동),37.40758,127.14436,경기 성남시분당구,경기 성남시분당구,,일치,37.40758,127.14436,0.0
gyeonggiwingent,윙이비인후과의원,경기도 성남시 분당구 판교역로 152 알파돔타워 2층 202호 (백현동),37.39421,127.11023,경기 성남시분당구,경기 성남시분당구,,일치,37.39421,127.11023,0.0
gyeonggiyshappyent,연세해피이비인후과의원,경기도 성남시 수정구 산성대로 241 5층 (신흥동),37.45022,127.15041,경기 성남시수정구,경기 성남시수정구,,일치,37.45022,127.15041,0.0
gyeonggitheclearent,더맑은이비인후과의원,경기도 성남시 수정구 수정로 291 상가1동 3층 302호 (신흥동),37.44975,127.15081,경기 성남시수정구,경기 성남시수정구,,일치,37.44975,127.15081,0.0
gyeonggiysboment,연세봄이비인후과의원,"경기도 성남시 수정구 위례광장로 310 5층 503,504호 (창곡동, 우성트램타워)",37.4727,127.14316,경기 성남시수정구,경기 성남시수정구,,일치,37.4727,127.14316,0.0
gyeonggiwereahanaent,위례하나이비인후과의원,"경기도 성남시 수정구 위례광장로 310 우성트램타워 A동 301호, 302 일부호",37.4727,127.14316,경기 성남시수정구,경기 성남시수정구,,일치,37.4727,127.14316,0.0
gyeonggiwereacentalent,위례센트럴이비인후과의원,"경기도 성남시 수정구 위례광장로 320 5층 515,516호 (창곡동, 아이에스센트럴타워)",37.47211,127.14269,경기 성남시수정구,경기 성남시수정구,,일치,37.47211,127.14269,0.0
gyeonggiwereaplusent,위례플러스이비인후과의원,"경기도 성남시 수정구 위례동로 153 4층 403호 (창곡동, 에이플타워)",37.47358,127.15029,경기 성남시수정구,경기 성남시수정구,,일치,37.47358,127.15029,0.0
gyeonggihanaent,하나이비인후과의원,경기도 수원시 권선구 덕영대로1201번길 34 3층 (권선동),37.25063,127.02288,경기 수원시권선구,경기 수원시권선구,,일치,37.25063,127.02288,0.0
gyeonggijohnsbilent,존스빌이비인후과의원,경기도 수원시 권선구 덕영대로1201번길 8 3층,37.24955,127.02251,경기 수원시권선구,경기 수원시권선구,,일치,37.24955,127.02251,0.0
gyeonggiseoulsamsungplusim,서울삼성플러스내과의원,"경기도 수원시 권선구 매송고색로 526 201, 202호 (오목천동)",37.24546,126.96258,경기 수원시권선구,경기 수원시권선구,,일치,37.24546,126.96258,0.0
gyeonggihomaesilysent,호매실연세이비인후과의원,경기도 수원시 권선구 호매실로104번길 24-43 401~405호 (호매실동),37.25808,126.96265,경기 수원시권선구,경기 수원시권선구,,일치,37.25808,126.96265,0.0
gyeonggikwangkyogoodsleep,광교굿슬립의원,경기도 수원시 영통구 도청로18번길 26 힐스테이트광교중앙역 3층 338호~341호 (이의동),37.28795,127.05657,경기 수원시영통구,경기 수원시영통구,,일치,37.28795,127.05657,0.0
gyeonggithewell,더웰병원,"경기도 수원시 영통구 봉영로 1620 (영통동, 대우월드마크영통 3,5,6,7,8층)",37.25507,127.07539,경기 수원시영통구,경기 수원시영통구,,일치,37.25507,127.07539,0.0
gyeonggisoomandsoopent,숨앤숲이비인후과의원,"경기도 수원시 영통구 센트럴타운로 111 301호,302호 (이의동, 광교서희스타힐스)",37.29269,127.04913,경기 수원시영통구,경기 수원시영통구,,일치,37.29269,127.04913,0.0
gyeonggiajoumc,아주대학교병원,경기도 수원시 영통구 월드컵로 164 (원천동),37.2746,127.05332,경기 수원시영통구,경기 수원시영통구,,일치,37.2746,127.05332,0.0
gyeonggiajouwellent,아주웰이비인후과의원,"경기도 수원시 영통구 중부대로 264 3층, 4층 일부층 (매탄동)",37.27149,127.05768,경기 수원시영통구,경기 수원시영통구,,일치,37.27149,127.05768,0.0
gyeonggijoeunent,조은이비인후과의원,경기도 수원시 장안구 창룡대로 197 (연무동),37.2929,127.03182,경기 수원시장안구,경기 수원시장안구,,일치,37.2929,127.03182,0.0
gyeonggitomaswiylshosiptal,의료법인 토마스의료재단 윌스기념병원,경기도 수원시 팔달구 경수대로 437 (인계동),37.28051,127.0301,경기 수원시팔달구,경기 수원시팔달구,,일치,37.28051,127.0301,0.0
gyeonggihwaseotopim,화서탑내과의원,경기도 수원시 팔달구 동말로 81 3층 (화서동),37.2789,127.00317,경기 수원시팔달구,경기 수원시팔달구,,일치,37.2789,127.00317,0.0
gyeonggidswhop,의료법인 녹산의료재단동수원병원,경기도 수원시 팔달구 중부대로 165 (우만동),37.27855,127.03177,경기 수원시팔달구,경기 수원시팔달구,,일치,37.27855,127.03177,0.0
gyeonggicmvincent,가톨릭대학교 성빈센트병원,경기도 수원시 팔달구 중부대로 93 (지동),37.27688,127.02675,경기 수원시팔달구,경기 수원시팔달구,,일치,37.27688,127.02675,0.0
gyeonggitheent,더이비인후과의원,경기도 시흥시 승지로59번길 12 시티타워 2층 204~206호 (능곡동),37.3692,126.80941,경기 시흥시,경기 시흥시,,일치,37.3692,126.80941,0.0
gyeonggisihwaent,시화이비인후과의원,경기도 시흥시 옥구천동로374번길 83 송산빌딩 202~204호 (정왕동),37.35027,126.73562,경기 시흥시,경기 시흥시,,일치,37.35027,126.73562,0.0
gyeonggisoomandsorient,숨앤소리이비인후과의원,경기도 시흥시 은계번영길 19 은계 디스퀘어큐브 5층 503~506호 (은행동),37.43743,126.80303,경기 시흥시,경기 시흥시,,일치,37.43743,126.80303,0.0
gyeonggigoodent,굿이비인후과의원,"경기도 안산시 단원구 고잔로 88 606호, 예술대학로 17, 919호 (고잔동)",37.31894,126.83604,경기 안산시단원구,경기 안산시단원구,,일치,37.31894,126.83604,0.0
gyeonggiyounghospital,젊은신경과의원,"경기도 안산시 단원구 광덕대로 138 305~309호 (고잔동, 골든에이스프라자)",37.30873,126.83044,경기 안산시단원구,경기 안산시단원구,,일치,37.30873,126.83044,0.0
gyeonggicleansament,맑은샘이비인후과의원,"경기도 안산시 단원구 라성로 43 벽산블루밍아파트 401,402,403,404,404-1호 (원곡동)",37.3279,126.80067,경기 안산시단원구,경기 안산시단원구,,일치,37.3279,126.80067,0.0
gyeonggiyeplusent,예플러스이비인후과의원,"경기도 안산시 단원구 원포공원1로 49 태영타운 308,309일부,314,315호 (초지동)",37.30263,126.81238,경기 안산시단원구,경기 안산시단원구,,일치,37.30263,126.81238,0.0
gyeonggiansankumc,고려대학교의과대학부속안산병원,경기도 안산시 단원구 적금로 123 (고잔동),37.31913,126.82582,경기 안산시단원구,경기 안산시단원구,,일치,37.31913,126.82582,0.0
gyeonggiansancoient,안산코아이비인후과의원,경기도 안산시 단원구 화랑로 102 e편한세상초지역센트럴포레상가 1동 3층 322~326호 (원곡동),37.32637,126.79988,경기 안산시단원구,경기 안산시단원구,,일치,37.32637,126.79988,0.0
gyeonggihallym,한림대학교성심병원,경기도 안양시 동안구 관평로170번길 22 (평촌동),37.39242,126.96206,경기 안양시동안구,경기 안양시동안구,,일치,37.39242,126.96206,0.0
gyeonggico365ent,코앤365이비인후과의원,"경기도 양주시 고읍남로 10 302, 303호",37.04251,127.04993,경기 양주시,경기 평택시,70.53,불일치_5km이상,37.04251,127.04993,0.0
gyeonggisekyoseoulent,세교서울이비인후과의원,"경기도 오산시 내삼미로79번길 11 2층 207,208호 (수청동, 선우중앙타워)",37.16914,127.06519,경기 오산시,경기 오산시,,일치,37.16914,127.06519,0.0
gyeongginewysiseverance,연세대학교 의과대학 용인세브란스병원,경기도 용인시 기흥구 동백죽전대로 363 (중동),37.27188,127.14806,경기 용인시기흥구,경기 용인시기흥구,,일치,37.27188,127.14806,0.0
gyeonggisorisaintent,소리성모이비인후과의원,경기도 용인시 수지구 성복2로 37 정환빌딩 3층 (성복동),37.34967,127.08375,경기 용인시수지구,경기 용인시수지구,,일치,37.34967,127.08375,0.0
gyeonggieuljieuijeongbu,학교법인 을지학원 의정부을지대학교병원,경기도 의정부시 동일로 712 을지대학교 의정부캠퍼스 및 부속병원 (금오동),37.74852,127.09996,경기 의정부시,경기 의정부시,,일치,37.74852,127.09996,0.0
gyeonggiclearseoulent,맑은서울이비인후과의원,경기도 의정부시 오목로225번길 177 폴리프라자 401-406호 (민락동),37.74444,127.09705,경기 의정부시,경기 의정부시,,일치,37.74444,127.09705,0.0
gyeonggimoduent,모두이비인후과의원,경기도 의정부시 용민로 60 3층 (용현동),37.73663,127.08514,경기 의정부시,경기 의정부시,,일치,37.73663,127.08514,0.0
gyeonggicmccujb,가톨릭대학교의정부성모병원,경기도 의정부시 천보로 271 의정부성모병원 (금오동),37.75843,127.07772,경기 의정부시,경기 의정부시,,일치,37.75843,127.07772,0.0
gyeonggipajoohanaent,파주하나이비인후과의원,경기도 파주시 교하로 87 삼성프라자 501호 (목동동),37.72768,126.73383,경기 파주시,경기 파주시,,일치,37.72768,126.73383,0.0
gyeongginelboment,늘봄이비인후과의원,경기도 파주시 청암로17번길 33 701~703호 (목동동),37.72869,126.73621,경기 파주시,경기 파주시,,일치,37.72869,126.73621,0.0
gyeonggigoduckcentralent,고덕센트럴이비인후과의원,"경기도 평택시 고덕면 고덕중앙로 200-4 우성고덕타워 409,410,411호",37.01776,127.03113,경기 평택시,경기 평택시,,일치,37.01776,127.03113,0.0
gyeonggivisionent,비전이비인후과소아청소년과의원,"경기도 평택시 비전5로 20-24 312,313호 (비전동)",36.99898,127.11427,경기 평택시,경기 평택시,,일치,36.99898,127.11427,0.0
gyeonggiseoulent,서울이비인후과의원,경기도 평택시 중앙2로 13,36.99183,127.08856,경기 평택시,경기 평택시,,일치,36.99183,127.08856,0.0
gyeonggigoodmohospital,의료법인백송의료재단 굿모닝병원,경기도 평택시 중앙로 338 (합정동),36.99434,127.09018,경기 평택시,경기 평택시,,일치,36.99434,127.09018,0.0
gyeonggicomient,코미이비인후과의원,경기도 하남시 미사강변대로 222 502호503호 (망월동),37.56947,127.18415,경기 하남시,경기 하남시,,일치,37.56947,127.18415,0.0
gyeonggitheseoulent,더서울이비인후과의원,"경기도 하남시 미사강변동로 127 경서타워 406,407호 (망월동)",37.56623,127.1913,경기 하남시,경기 하남시,,일치,37.56623,127.1913,0.0
gyeonggimisaysent,미사연세이비인후과의원,"경기도 하남시 미사강변동로 73 508호~512호 (망월동, 미사강변노블레스)",37.56158,127.19322,경기 하남시,경기 하남시,,일치,37.56158,127.19322,0.0
gyeonggirakebomboment,레이크봄봄이비인후과의원,"경기도 화성시 동탄대로 181 301~303호,307~309일부호 (송동, 동탄린스트라우스더레이크)",37.17059,127.10638,경기 화성시,경기 화성시,,일치,37.17059,127.10638,0.0
gyeonggidoorient-southdongtan,두리이비인후과의원 남동탄점,경기도 화성시 동탄대로 198 드림타워 306호 (산척동),37.17219,127.10713,경기 화성시,경기 화성시,,일치,37.17219,127.10713,0.0
gyeonggidongtranstationent,동탄역아주시원한이비인후과의원,경기도 화성시 동탄대로 489 동탄역우성타워 304~305 211호 904일부 (오산동),37.19735,127.09843,경기 화성시,경기 화성시,,일치,37.19735,127.09843,0.0
gyeonggisaintwoorient,성모우리이비인후과의원,"경기도 화성시 동탄대로시범길 134 판매시설 2125호~2132호 (청계동, 시범 반도유보라 아이비파크4.0)",37.16811,126.95389,경기 화성시,경기 화성시,,일치,37.16811,126.95389,0.0
gyeonggiseoulsomangent,서울소망이비인후과의원,"경기도 화성시 동탄대로시범길 146 4층 403호 (청계동, 포트센트럴시티)",37.16869,126.62421,경기 화성시,경기 화성시,,일치,37.16869,126.62421,0.0
gyeonggicozent,코즈이비인후과의원,"경기도 화성시 동탄반석로 130 602호 (반송동, 드림프라자)",37.20047,127.07126,경기 화성시,경기 화성시,,일치,37.20047,127.07126,0.0
gyeonggiyunseiprimeent,연세프라임이비인후과의원,"경기도 화성시 동탄솔빛로 64 가희프라자2 302호,506일부호 (반송동)",37.19431,127.07456,경기 화성시,경기 화성시,,일치,37.19431,127.07456,0.0
gyeonggidongtansamsungent,동탄삼성이비인후과의원,경기도 화성시 동탄순환대로 127-5 우성센트럴타워 4층 408~410호 (산척동),37.16614,127.10747,경기 화성시,경기 화성시,,일치,37.16614,127.10747,0.0
gyeonggitheopenent,더열린이비인후과의원,"경기도 화성시 봉담읍 상리2길 51 503,504호",37.22456,126.94729,경기 화성시,경기 화성시,,일치,37.22456,126.94729,0.0
gyeonggidongtanhallym,한림대학교동탄성심병원,경기도 화성시 큰재봉길 7 (석우동),37.21678,127.08047,경기 화성시,경기 화성시,,일치,37.21678,127.08047,0.0
gyeongnamgeojechildren,거제아동병원,경상남도 거제시 동문천로 52 (고현동),34.88304,128.62614,경남 거제시,경남 거제시,,일치,34.88304,128.62614,0.0
gyeongnamajooent,아주대우아동의원,"경상남도 거제시 아주1로2길 65 1,2,3,4층 (아주동)",34.86725,128.68517,경남 거제시,경남 거제시,,일치,34.86725,128.68517,0.0
gyeongnamseoulent,서울이비인후과의원,"경상남도 김해시 내외중앙로 84 10.11층 (내동, 서울메디컬센터)",35.2374,128.86745,경남 김해시,경남 김해시,,일치,35.2374,128.86745,0.0
gyeongnamivyent,아이비이비인후과의원,경상남도 김해시 내외중앙로 92 4층 (내동),35.23818,128.86755,경남 김해시,경남 김해시,,일치,35.23818,128.86755,0.0
gyeongnamyangsanent,양산부산대학교병원,경상남도 양산시 물금읍 금오로 20 (),35.3289,129.00778,경남 양산시,경남 양산시,,일치,35.3289,129.00778,0.0
gyeongnamgnuh,경상국립대학교병원,경상남도 진주시 강남로 79,35.18405,128.09398,경남 진주시,경남 진주시,,일치,35.17646207,128.0956281,0.86
gyeongnamyaleent,예일이비인후과의원,"경상남도 창원시 마산회원구 3·15대로 645 예일메디컬센터 2,8,9층 3층(303)호 (석전동)",35.24354,128.5859,경남 창원시마산회원구,경남 창원시마산회원구,,일치,35.24354,128.5859,0.0
gyeongnamskkuchangwon,학교법인성균관대학삼성창원병원,"경상남도 창원시 마산회원구 팔용로 158-158 (합성동, 삼성창원병원)",35.243,128.59135,경남 창원시마산회원구,경남 창원시마산회원구,,일치,35.243,128.59135,0.0
gyeongnamsmcskku,창원경상국립대학교병원,"경상남도 창원시 성산구 삼정자로 11 (성주동, 창원경상대학교병원)",35.19763,128.7058,경남 창원시성산구,경남 창원시성산구,,일치,35.19763,128.7058,0.0
gyeongbukseoulsamsung,서울삼성신경과의원,경상남도 창원시 의창구 중동중앙로 83 D7Park 5층 512-516호 (중동),35.25885,128.62715,경남 창원시의창구,경남 창원시의창구,,일치,35.25885,128.62715,0.0
gyeongbukdosin,DO두신경과의원,경상남도 통영시 무전대로 41 201~401호 (무전동),34.86034,128.42526,경남 통영시,경남 통영시,,일치,34.86034,128.42526,0.0
gyeongbukkyungjoosaint,경주성모안과의원,경상북도 경주시 원화로 293 성모클리닉빌딩 (성동동),35.84684,129.21709,경북 경주시,경북 경주시,,일치,35.84684,129.21709,0.0
gyeongbukyoungchunent,영천중앙이비인후과의원,경상북도 영천시 완산로 53 3층 (완산동),35.96481,128.9387,경북 영천시,경북 영천시,,일치,35.96481,128.9387,0.0
gyeongbukcoaent,코아 이비인후과 의원,경상북도 포항시 남구 시청로 5 (대잠동),35.90551,129.52704,경북 포항시남구,경북 포항시남구,,일치,35.90551,129.52704,0.0
gyeongbukphgidok,의료법인한성재단포항세명기독병원,경상북도 포항시 남구 포스코대로 351,36.01768,129.36203,경북 포항시남구,경북 포항시남구,,일치,36.0178565783412,129.361848894727,0.03
gwangjuhicocoent,하이코코이비인후과의원,"광주광역시 광산구 동곡로 739 3층 303, 304, 305호 (선암동)",35.14755,126.77799,광주 광산구,광주 광산구,,일치,35.14755,126.77799,0.0
gwangjufirstent,퍼스트이비인후과의원,광주광역시 광산구 임방울대로 342 (수완동),35.19185,126.82465,광주 광산구,광주 광산구,,일치,35.19185,126.82465,0.0
gwangjusoowan,광주수완병원,광주광역시 광산구 임방울대로 370 (수완동),35.1931,126.82409,광주 광산구,광주 광산구,,일치,35.1931,126.82409,0.0
gwangjubestent,베스트이비인후과의원,광주광역시 광산구 장신로 77 301~303호 (장덕동),35.19106,126.81855,광주 광산구,광주 광산구,,일치,35.19106,126.81855,0.0
gwangjucentument,센텀이비인후과의원,광주광역시 광산구 장신로 82,35.19058,126.81876,광주 광산구,광주 광산구,,일치,35.19058,126.81876,0.0
gwangjucheomdanhop,첨단종합병원,광주광역시 광산구 첨단중앙로170번길 59 (쌍암동),35.22085,126.84517,광주 광산구,광주 광산구,,일치,35.22085,126.84517,0.0
gwangjusooment,숨편한이비인후과의원,광주광역시 남구 대남대로 139 2층 (봉선동),35.13376,126.9098,광주 남구,광주 남구,,일치,35.13376,126.9098,0.0
gwangjujhpjhent,제이에이치박준희이비인후과의원,광주광역시 남구 서문대로 671 2~3층 (진월동),35.11937,126.8988,광주 남구,광주 남구,,일치,35.11937,126.8988,0.0
gwangjukch,광주기독병원,광주광역시 남구 양림로 37 (양림동),35.13679,126.91312,광주 남구,광주 남구,,일치,35.13679,126.91312,0.0
gwangjuroielent,로이엘이비인후과의원,광주광역시 남구 제석로 104 6층 (봉선동),35.12371,126.90723,광주 남구,광주 남구,,일치,35.12371,126.90723,0.0
gwangjucoandsoopent,코와숲이비인후과의원,광주광역시 동구 백서로 133 금동 180-3 제2종근린생활시설 (금동),35.1423,126.91984,광주 동구,광주 동구,,일치,35.1423,126.91984,0.0
gwangjucnuh,전남대학교병원,광주광역시 동구 제봉로 42 (학동),35.14247,126.92085,광주 동구,광주 동구,,일치,35.14247,126.92085,0.0
gwangjuchosun,조선대학교병원,광주광역시 동구 필문대로 365 (학동),35.15004,126.92854,광주 동구,광주 동구,,일치,35.15004,126.92854,0.0
gwangjugooddoctor,굿닥터의원,"광주광역시 북구 갈마로 45 3,4층 (두암동)",35.16183,126.93552,광주 북구,광주 북구,,일치,35.16183,126.93552,0.0
gwangjuhappyview,해피뷰병원,광주광역시 북구 경열로 216-0 해피뷰병원,35.1586,126.90661,광주 북구,광주 북구,,일치,35.1586,126.90661,0.0
gwangjuntopent,엔탑이비인후과병원,광주광역시 북구 설죽로 347 (매곡동),35.19661,126.89995,광주 북구,광주 북구,,일치,35.19661,126.89995,0.0
gwangjucoyoung,코앤영의원,"광주광역시 서구 시청로 3 2,3층 (치평동)",35.12312,126.85742,광주 서구,광주 서구,,일치,35.12312,126.85742,0.0
gwangjuhohoent,호호이비인후과의원,"광주광역시 서구 화정로 259 4층 401, 404호",35.14796,126.88497,광주 서구,광주 서구,,일치,35.14796,126.88497,0.0
daegudcmc,대구가톨릭대학교병원,대구광역시 남구 두류공원로17길 33 (대명동),35.84412,128.56812,대구 남구,대구 남구,,일치,35.84412,128.56812,0.0
daegubarunent,바른미이비인후과의원,대구광역시 남구 봉덕로 90 3층 (봉덕동),35.84455,128.60042,대구 남구,대구 남구,,일치,35.84455,128.60042,0.0
daegukwakandsinent,곽앤신연합이비인후과의원,대구광역시 남구 월배로 474 4층 (대명동),35.83523,128.55614,대구 남구,대구 남구,,일치,35.83523,128.55614,0.0
daeguyumc,영남대학교병원,대구광역시 남구 현충로 170 (대명동),35.848,128.5804,대구 남구,대구 남구,,일치,35.848,128.5804,0.0
daegudsmc,계명대학교동산병원,대구광역시 달서구 달구벌대로 1035 (신당동),35.85357,128.48022,대구 달서구,대구 달서구,,일치,35.85357,128.48022,0.0
daegudanielent,다니엘이비인후과의원,"대구광역시 달서구 조암로 4 4층 (월성동, 그루메디컬빌딩)",35.82616,128.52919,대구 달서구,대구 달서구,,일치,35.82616,128.52919,0.0
daeguchungmyungent,청명연합이비인후과의원,"대구광역시 달서구 조암로 42 플러스타워 201,202,402,403호 (월성동)",35.82469,128.52527,대구 달서구,대구 달서구,,일치,35.82469,128.52527,0.0
daeguthenaenent,더나은이비인후과의원,대구광역시 달성군 화원읍 비슬로 2579-4 (),35.80393,128.49895,대구 달성군,대구 달성군,,일치,35.80393,128.49895,0.0
daegupatima,대구파티마병원,대구광역시 동구 아양로 99 (신암동),35.88357,128.62404,대구 동구,대구 동구,,일치,35.88357,128.62404,0.0
daeguisaent,이시아이비인후과의원,대구광역시 동구 팔공로51길 17 2층 (봉무동),35.92293,128.63907,대구 동구,대구 동구,,일치,35.92293,128.63907,0.0
daeguknumc,칠곡경북대학교병원,대구광역시 북구 호국로 807 칠곡경북대학교병원(임살실습동 1~11층 포함) (학정동),35.95677,128.56541,대구 북구,대구 북구,,일치,35.95677,128.56541,0.0
daegusamsung,대구삼성신경과의원,대구광역시 수성구 달구벌대로 2401 3층 (범어동),35.85969,128.62529,대구 수성구,대구 수성구,,일치,35.85969,128.62529,0.0
daegumacsumyunent,맥수면이비인후과의원,"대구광역시 수성구 달구벌대로 2435 상가동 205, 205-2, 205-6호 (범어동, 두산위브더제니스)",35.85854,128.63612,대구 수성구,대구 수성구,,일치,35.85854,128.63612,0.0
daeguyaleent,예일이비인후과의원,대구광역시 수성구 범안로 70 5층 (범물동),35.81787,128.64536,대구 수성구,대구 수성구,,일치,35.81787,128.64536,0.0
daegutheoneent,더원이비인후과의원,대구광역시 수성구 수성로 218 4~6층 (중동),35.84492,128.61285,대구 수성구,대구 수성구,,일치,35.84492,128.61285,0.0
daegukoreaent,코리아이비인후과의원,대구광역시 중구 남산로 83-1 3-5층 (남산동),35.87673,128.5802,대구 중구,대구 중구,,일치,35.87673,128.5802,0.0
daegucentralent,중앙이비인후과의원,"대구광역시 중구 달구벌대로 2233 1,3,4,5층 (삼덕동3가)",35.87234,128.59984,대구 중구,대구 중구,,일치,35.87234,128.59984,0.0
daeguhooent,후이비인후과의원,"대구광역시 중구 동성로1길 81 3층,9층",35.86518,128.59764,대구 중구,대구 중구,,일치,35.86518,128.59764,0.0
daejeoncobbulsoent,코뿔소이비인후과의원,대전광역시 서구 계룡로 599 MG한밭빌딩 5층 (탄방동),36.34124,127.39003,대전 서구,대전 서구,,일치,36.34124,127.39003,0.0
daejeonkyuh,학교법인 건양교육재단 건양대학교병원,대전광역시 서구 관저동로 158 (관저동),36.30629,127.34088,대전 서구,대전 서구,,일치,36.30629,127.34088,0.0
daejeonrafael,라파엘신경과의원,대전광역시 서구 둔산남로 107 9층 (둔산동),36.34922,127.38943,대전 서구,대전 서구,,일치,36.34922,127.38943,0.0
daejeonyounyounent,윤앤윤이비인후과의원,대전광역시 서구 둔산로123번길 21 4층 (둔산동),36.35232,127.38754,대전 서구,대전 서구,,일치,36.35232,127.38754,0.0
daejeonemc,학교법인 을지학원 대전을지대학교병원,대전광역시 서구 둔산서로 95 (둔산동),36.35531,127.38254,대전 서구,대전 서구,,일치,36.35531,127.38254,0.0
daejeonyangent,양이비인후과의원,대전광역시 서구 청사로 121 5층 청사서로 26 미래빌딩2층호 (월평동),36.35998,127.37718,대전 서구,대전 서구,,일치,36.35998,127.37718,0.0
daejeonyuseonhsunhospital,의료법인영훈의료재단 유성선병원,대전광역시 유성구 북유성대로 93 (지족동),36.37166,127.32695,대전 유성구,대전 유성구,,일치,36.37166,127.32695,0.0
daejeonjoenent,조은이비인후과의원,"대전광역시 유성구 지족동로 152 코오롱빌딩 2,3층 201,303호 (지족동)",36.3874,127.30868,대전 유성구,대전 유성구,,일치,36.3874,127.30868,0.0
daejeoncmcdj,학교법인 가톨릭학원 가톨릭대학교 대전성모병원,대전광역시 중구 대흥로 64 (대흥동),36.32274,127.42343,대전 중구,대전 중구,,일치,36.32274,127.42343,0.0
daejeonsunhopital,의료법인 영훈의료재단 대전선병원,대전광역시 중구 목중로 29 (목동),36.33716,127.40991,대전 중구,대전 중구,,일치,36.33716,127.40991,0.0
daejeoncnuh,충남대학교병원,대전광역시 중구 문화로 282- (대사동),36.31773,127.41564,대전 중구,대전 중구,,일치,36.31773,127.41564,0.0
busancoent,코엔이비인후과의원부산성모병원(재단법인 천주교부산교구유지재단)베스트이비인후과의원연세대학교 원주세브란스기독병원한림대학교성심병원두리이비인후과의원,부산광역시 기장군 정관면 정관로 395 (금양프라자 3층),35.33405,129.1659,부산 기장군,부산 기장군,,일치,35.33405,129.1659,0.0
busanbsm,부산성모병원(재단법인 천주교부산교구유지재단),부산광역시 남구 용호로232번길 25-14 (용호동),35.11122,129.10965,부산 남구,부산 남구,,일치,35.11122,129.10965,0.0
busansamsungsmart,삼성스마트신경과의원,"부산광역시 동래구 중앙대로 1523 SKHUBSKY 2,4층 B2-6~9,12~15호, B4-5,6호 (온천동)",35.22129,129.08607,부산 동래구,부산 동래구,,일치,35.22129,129.08607,0.0
busanbestent,베스트이비인후과의원,"부산광역시 동래구 충렬대로 259 동호 디시티 2층,3층 일부호 (낙민동)",35.19415,129.11266,부산 동래구,부산 동래구,,일치,35.19415,129.11266,0.0
busanonhospital,의료법인 온그룹의료재단 온종합병원,"부산광역시 부산진구 가야대로 721 719, 767 (당감동)",35.15778,129.05014,부산 부산진구,부산 부산진구,,일치,35.15778,129.05014,0.0
busanmedicalent,메디칼이비인후과의원,부산광역시 부산진구 가야대로 767-1 (부전동),35.15786,129.0556,부산 부산진구,부산 부산진구,,일치,35.15786,129.0556,0.0
busandhps,디에이치성형외과의원,"부산광역시 부산진구 가야대로784번길 21 5~8층, 가야대로 783, 11~12층 (부전동)",35.163433,129.05257,부산 부산진구,부산 부산진구,,일치,,,
busanpaikbusan,인제대학교부산백병원,"부산광역시 부산진구 복지로 75, 진사로83번길 75 진사로83번길 81, 1층(일부), 3층 (개금동)",35.14422,129.02032,부산 부산진구,부산 부산진구,,일치,35.14422,129.02032,0.0
busanopenent,열린이비인후과의원,부산광역시 부산진구 중앙대로 700 7층,35.15522,129.05936,부산 부산진구,부산 부산진구,,일치,35.15522,129.05936,0.0
busanyangchngkookhospital,양창국의원,부산광역시 부산진구 중앙대로 708 12층,35.15596,129.05937,부산 부산진구,부산 부산진구,,일치,35.15596,129.05937,0.0
busansooment,부산숨이비인후과의원,"부산광역시 사하구 낙동남로 1412 경부빌딩 7층일부,8층 (하단동)",35.10597,128.96608,부산 사하구,부산 사하구,,일치,35.10597,128.96608,0.0
busankosinmed,고신대학교복음병원,부산광역시 서구 감천로 262 (암남동),35.08144,129.0155,부산 서구,부산 서구,,일치,35.08144,129.0155,0.0
busanbusanunivhiopi,부산대학교병원,부산광역시 서구 구덕로 179 (아미동1가),35.10065,129.01962,부산 서구,부산 서구,,일치,35.10065,129.01962,0.0
busandamc,동아대학교병원,부산광역시 서구 대신공원로 26 (동대신동3가),35.1202,129.01659,부산 서구,부산 서구,,일치,35.1202,129.01659,0.0
busandalpangeent,"부산달팽이 신경과,이비인후과 의원",부산광역시 수영구 수영로 675 큐비 메디컬센터 6층 (광안동),35.15511,129.11348,부산 수영구,부산 수영구,,일치,35.15511,129.11348,0.0
busanent,부산이비인후과의원,부산광역시 연제구 중앙대로 1077 상계빌딩 1층 (연산동),35.18424,129.07986,부산 연제구,부산 연제구,,일치,35.18424,129.07986,0.0
busanhappyent,부산행복이비인후과의원,"부산광역시 연제구 중앙대로 1111 9층 901호 (연산동, 위드타워)",35.18672,129.08122,부산 연제구,부산 연제구,,일치,35.18672,129.08122,0.0
busaneasysooment,이지숨 이비인후과의원,부산광역시 중구 구덕로 40 (남포동2가),35.097,129.0081,부산 중구,부산 사하구,1.34,불일치_1~5km,35.097,129.0081,0.0
busanheojunent,허준이비인후과의원,"부산광역시 해운대구 센텀2로 20 1204호 (우동, 센텀타워메디칼)",35.16727,129.13213,부산 해운대구,부산 해운대구,,일치,35.16727,129.13213,0.0
busanjungkiment,정앤김이비인후과의원,"부산광역시 해운대구 좌동순환로 174 거성빌딩 402,802일부,901,902호 (좌동)",35.17771,129.17513,부산 해운대구,부산 해운대구,,일치,35.17771,129.17513,0.0
busanpaikhaeundae,인제대학교 해운대백병원,부산광역시 해운대구 해운대로 875 (좌동),35.17311,129.18289,부산 해운대구,부산 해운대구,,일치,35.17311,129.18289,0.0
seoulfreshent,프레쉬이비인후과의원,"서울특별시 강남구 남부순환로 2615 203~207,209,304호 (도곡동, 극동스타클래스)",37.48504,127.03589,서울 강남구,서울 강남구,,일치,37.48504,127.03589,0.0
seoulleetaekyu,이태규신경과의원,서울특별시 강남구 논현로 648 선기빌딩 4층 (논현동),37.51156,127.03216,서울 강남구,서울 강남구,,일치,37.51156,127.03216,0.0
seoulsleephopital,서울수면의원,"서울특별시 강남구 논현로 704 2층 / 강남구 학동로 203, 3층 (논현동)",37.51437,127.03121,서울 강남구,서울 강남구,,일치,37.51437,127.03121,0.0
seoulseoulspecialsleep,서울스페셜수면의원,"서울특별시 강남구 논현로 717 1층일부, 2층~4층 (논현동)",37.51596,127.02957,서울 강남구,서울 강남구,,일치,37.51596,127.02957,0.0
seouljeilent,제일이비인후과의원,"서울특별시 강남구 논현로131길 23 지상2층, 3층, 4층, 5층 (논현동)",37.51404,127.02856,서울 강남구,서울 강남구,,일치,37.51404,127.02856,0.0
seoulgoodsleep,굿슬립신경과의원,서울특별시 강남구 논현로159길 17 202호 (신사동),37.52296,127.02668,서울 강남구,서울 강남구,,일치,37.52296,127.02668,0.0
seouldreamsleep,드림수면의원,"서울특별시 강남구 도산대로 107 BIO, 8층 일부 (신사동)",37.51671,127.02021,서울 강남구,서울 강남구,,일치,37.51671,127.02021,0.0
seoulforest,서울포레스트정신건강의학과의원,서울특별시 강남구 도산대로 420 청담스퀘어 212호 (청담동),37.52329,127.04227,서울 강남구,서울 강남구,,일치,37.52329,127.04227,0.0
seoulsoomsleep,숨수면의원,"서울특별시 강남구 봉은사로 310 숨빌딩 2,3,4층 (역삼동)",37.50922,127.04096,서울 강남구,서울 강남구,,일치,37.50922,127.04096,0.0
seoulysbent,연세봄이비인후과의원,서울특별시 강남구 봉은사로 331 SH타워 2층 (논현동),37.51023,127.04304,서울 강남구,서울 강남구,,일치,37.51023,127.04304,0.0
seoulgsiseverance,연세대학교의과대학 강남세브란스병원,서울특별시 강남구 언주로 211 강남세브란스병원 (도곡동),37.49269,127.0468,서울 강남구,서울 강남구,,일치,37.49269,127.0468,0.0
seoulhanaent,하나이비인후과병원,"서울특별시 강남구 역삼로 245 (역삼동, 지하2층일부 1층일부 2층~6층)",37.49786,127.04304,서울 강남구,서울 강남구,,일치,37.49786,127.04304,0.0
seoulgandg,지앤지병원,서울특별시 강남구 영동대로 626 2~10층,37.51627,127.0596,서울 강남구,서울 강남구,,일치,37.51627,127.0596,0.0
seoulsamsungseoulhosp,삼성서울병원,"서울특별시 강남구 일원로 81 (일원동, 삼성의료원)",37.48687,127.08304,서울 강남구,서울 강남구,,일치,37.48687,127.08304,0.0
seouldanaivyent,선릉다나아이비인후과의원,서울특별시 강남구 테헤란로 310 두꺼비빌딩 3층 (역삼동),37.5029,127.04466,서울 강남구,서울 강남구,,일치,37.5029,127.04466,0.0
seoulcosleep,코슬립수면의원,"서울특별시 강남구 테헤란로 333 7층일부, 12층 (역삼동)",37.50456,127.04807,서울 강남구,서울 강남구,,일치,37.50456,127.04807,0.0
seoulyounseisooment,연세고른숨이비인후과의원,서울특별시 강남구 테헤란로 401 남경센타 10층 2호 (삼성동),37.50491,127.04917,서울 강남구,서울 강남구,,일치,37.50491,127.04917,0.0
seoulcheongdament,청담성모이비인후과의원,서울특별시 강남구 학동로53길 3-2 2층 (논현동),37.51714,127.03951,서울 강남구,서울 강남구,,일치,37.51714,127.03951,0.0
seoulkhnmc,강동경희대학교의대병원,서울특별시 강동구 동남로 892 (상일동),37.55332,127.15731,서울 강동구,서울 강동구,,일치,37.55332,127.15731,0.0
seoulkdc,성심의료재단강동성심병원,서울특별시 강동구 성안로 150 (길동),37.53641,127.1351,서울 강동구,서울 강동구,,일치,37.53641,127.1351,0.0
seoulyounyounent,윤앤윤이비인후과의원,서울특별시 강동구 올림픽로 781 우리들클리닉 3층,37.55095,127.12761,서울 강동구,서울 강동구,,일치,37.55095,127.12761,0.0
seoulseoulbohun,한국보훈복지의료공단 중앙보훈병원,서울특별시 강동구 진황도로61길 53 (둔촌동),37.52853,127.14616,서울 강동구,서울 강동구,,일치,37.52853,127.14616,0.0
seoulkangbookboasent,강북보아스이비인후과의원,"서울특별시 강북구 도봉로 255 나라빌딩 2,7,9층",37.6312,127.02396,서울 강북구,서울 강북구,,일치,37.6312,127.02396,0.0
seoulsoomhopital,숨이편한병원,서울특별시 강서구 강서로 323 4~8층,37.55478,126.83649,서울 강서구,서울 강서구,,일치,37.55478,126.83649,0.0
seoulgshanaent,강서하나이비인후과의원,"서울특별시 강서구 강서로 43 203,202일부호 (화곡동, 도양라비앙타워)",37.53158,126.84661,서울 강서구,서울 강서구,,일치,37.53158,126.84661,0.0
seoulehwahospital,이화여자대학교의과대학부속서울병원,서울특별시 강서구 공항대로 260 이화의대부속서울병원 (마곡동),37.55784,126.83622,서울 강서구,서울 강서구,,일치,37.55784,126.83622,0.0
seoulsamsungsleepandmind,삼성슬립앤마인드의원,서울특별시 강서구 마곡중앙5로 22 504층 (마곡동),37.56709,126.82532,서울 강서구,서울 강서구,,일치,37.56709,126.82532,0.0
seoulcoolent,시원한이비인후과의원,"서울특별시 강서구 마곡중앙5로 81 에스비타운 2층 202,203,204호 (마곡동)",37.56018,126.83636,서울 강서구,서울 강서구,,일치,37.56018,126.83636,0.0
seoulsamsungwoorient,삼성우리이비인후과의원,"서울특별시 강서구 방화동로 92 에스메디컬 3,4,5층 (방화동)",37.5686,126.81292,서울 강서구,서울 강서구,,일치,37.5686,126.81292,0.0
seoulkwanaksaintent,관악성모이비인후과의원,서울특별시 관악구 관악로 186-2 (봉천동),37.48166,126.95316,서울 관악구,서울 관악구,,일치,37.48166,126.95316,0.0
seoulhplusyangji,에이치플러스 양지병원,서울특별시 관악구 남부순환로 1636 양지병원 (신림동),37.48439,126.93247,서울 관악구,서울 관악구,,일치,37.48439,126.93247,0.0
seoulsinlim,신림신경과의원,"서울특별시 관악구 신림로 350 5층 (신림동, 서원프라자, 태영아파트)",37.48546,126.92977,서울 관악구,서울 관악구,,일치,37.48546,126.92977,0.0
seoulkuh,건국대학교병원,서울특별시 광진구 능동로 120-1 (화양동),37.54131,127.07193,서울 광진구,서울 광진구,,일치,37.54131,127.07193,0.0
seoulnationalcenter,국립정신건강센터,"서울특별시 광진구 용마산로 127 (중곡동, 국립정신건강센터)",37.56501,127.08617,서울 광진구,서울 광진구,,일치,37.56501,127.08617,0.0
seoulgurokumc,고려대학교의과대학부속구로병원,서울특별시 구로구 구로동로 148 고려대부속구로병원 (구로동),37.49189,126.88394,서울 구로구,서울 구로구,,일치,37.49189,126.88394,0.0
seoulsindorimhanaent,신도림하나이비인후과의원,"서울특별시 구로구 새말로 89 태영빌딩 202,501호 (구로동)",37.50557,126.88982,서울 구로구,서울 구로구,,일치,37.50557,126.88982,0.0
seoulpaiksanggye,인제대학교 상계백병원,서울특별시 노원구 동일로 1342 상계백병원 (상계동),37.64858,127.06277,서울 노원구,서울 노원구,,일치,37.64858,127.06277,0.0
seoulnewskyent,새하늘이비인후과의원,서울특별시 노원구 동일로 1548 (상계동),37.66669,127.05753,서울 노원구,서울 노원구,,일치,37.66669,127.05753,0.0
seoulclearsooment,맑은숨이비인후과의원,"서울특별시 노원구 초안산로2라길 26 상가동 201,202,203,205호 (월계동, 월계센트럴아이파크아파트)",37.63123,127.05773,서울 노원구,서울 노원구,,일치,37.63123,127.05773,0.0
seoulnowoneulji,노원을지대학교병원,서울특별시 노원구 한글비석로 68 을지병원 (하계동),37.63669,127.06986,서울 노원구,서울 노원구,,일치,37.63669,127.06986,0.0
seoulkhuh,경희대학교병원,서울특별시 동대문구 경희대로 23 (회기동),37.59375,127.05257,서울 동대문구,서울 동대문구,,일치,37.59375,127.05257,0.0
seoulsymcs,삼육서울병원,서울특별시 동대문구 망우로 82 (휘경동),37.58986,127.06253,서울 동대문구,서울 동대문구,,일치,37.58986,127.06253,0.0
seoulnaturem,내이처럼치과병원,"서울특별시 동작구 동작대로27다길 26 2층 (사당동, 사당동 주상복합)",37.48707,126.98005,서울 동작구,서울 동작구,,일치,37.48707,126.98005,0.0
seoulboramae,서울특별시보라매병원,서울특별시 동작구 보라매로5길 20 (신대방동),37.49303,126.92417,서울 동작구,서울 동작구,,일치,37.49303,126.92417,0.0
seoulcauhs,중앙대학교병원,서울특별시 동작구 흑석로 102 (흑석동),37.50758,126.96085,서울 동작구,서울 동작구,,일치,37.50758,126.96085,0.0
seoulrapent,랩이비인후과의원,서울특별시 마포구 양화로 61 두암빌딩,37.55077,126.91505,서울 마포구,서울 마포구,,일치,37.55077,126.91505,0.0
seoulyuhseverance,연세대학교의과대학세브란스병원,서울특별시 서대문구 연세로 50-1 (신촌동),37.5558,126.9367,서울 서대문구,서울 서대문구,,일치,37.5558,126.9367,0.0
seoulcmcseoul,학교법인가톨릭학원가톨릭대학교서울성모병원,서울특별시 서초구 반포대로 222 (반포동),37.49964,127.00429,서울 서초구,서울 서초구,,일치,37.49964,127.00429,0.0
seouldeepsleep,딥슬립의원,"서울특별시 서초구 반포대로 58 201~210, 230호",37.48562,127.011,서울 서초구,서울 서초구,,일치,37.48562,127.011,0.0
seoulseochosaintent,서초성모이비인후과의원,"서울특별시 서초구 반포대로27길 13 2층 203,204,205호 (서초동, 서초꽃마을 주얼리)",37.48985,127.00756,서울 서초구,서울 서초구,,일치,37.48985,127.00756,0.0
seoulwithent,연세위드이비인후과의원,"서울특별시 서초구 서초중앙로 125 로이어즈타워 8층 803(일부),804호 (서초동)",37.49295,127.01355,서울 서초구,서울 서초구,,일치,37.49295,127.01355,0.0
seoulseochoent,서초맑은이비인후과의원,"서울특별시 서초구 효령로 403 서초그랑자이 상가 408,409,410 일부호 (서초동)",37.48865,127.02776,서울 서초구,서울 서초구,,일치,37.48865,127.02776,0.0
seoulhyumc,한양대학교병원,서울특별시 성동구 왕십리로 222-1 (사근동),37.55741,127.04291,서울 성동구,서울 성동구,,일치,37.55741,127.04291,0.0
seoulanamkumc,학교법인 고려중앙학원 고려대학교의과대학부속병원(안암병원),서울특별시 성북구 고려대로 73 고려대병원 (안암동5가),37.5865,127.02745,서울 성북구,서울 성북구,,일치,37.5865,127.02745,0.0
seoulgoodayent,굿데이이비인후과의원,"서울특별시 성북구 돌곶이로 25 2층 (석관동, 씨티홈)",37.6067,127.06108,서울 성북구,서울 성북구,,일치,37.6067,127.06108,0.0
seoulsamheyent,삼혜이비인후과의원,"서울특별시 성북구 동소문로 18-1 2, 3층 (동소문동2가, 애산빌딩)",37.58921,127.00828,서울 성북구,서울 성북구,,일치,37.58921,127.00828,0.0
seoulstarent,스타이비인후과의원,서울특별시 송파구 백제고분로 365 7층 (석촌동),37.50523,127.10642,서울 송파구,서울 송파구,,일치,37.50523,127.10642,0.0
seoulthehanstarent,더한별이비인후과의원,"서울특별시 송파구 송파대로 365 2층,3층 (석촌동)",37.50044,127.11111,서울 송파구,서울 송파구,,일치,37.50044,127.11111,0.0
seoulace,에이스신경과의원,서울특별시 송파구 송파대로 437 청솔학원 5층,37.50566,127.10637,서울 송파구,서울 송파구,,일치,37.50566,127.10637,0.0
seouleasybrainsongpa,이지브레인송파 정신건강의학과의원,서울특별시 송파구 올림픽로 102 서일빌딩 6층 603호 (잠실동),37.5115,127.08201,서울 송파구,서울 송파구,,일치,37.5115,127.08201,0.0
seoulamcseoul,재단법인아산사회복지재단 서울아산병원,서울특별시 송파구 올림픽로43길 88 서울아산병원 (풍납동),37.52488,127.10789,서울 송파구,서울 송파구,,일치,37.52488,127.10789,0.0
seoulmokdongcentralent,목동센트럴이비인후과의원,"서울특별시 양천구 공항대로 630 3층 302,303호",37.54669,126.8748,서울 양천구,서울 양천구,,일치,37.54669,126.8748,0.0
seouleumc,이화여자대학교의과대학부속목동병원,서울특별시 양천구 안양천로 1071 (목동),37.53707,126.88657,서울 양천구,서울 양천구,,일치,37.53707,126.88657,0.0
seoulmokdongcoent,목동코엔이비인후과의원,"서울특별시 양천구 오목로 299 4층 404호 (목동, 트라팰리스웨스턴에비뉴)",37.52536,126.87109,서울 양천구,서울 양천구,,일치,37.52536,126.87109,0.0
seoulcmcsungmo,가톨릭대학교 여의도성모병원,서울특별시 영등포구 63로 10 여의도성모병원 (여의도동),37.51809,126.93606,서울 영등포구,서울 영등포구,,일치,37.51809,126.93606,0.0
seoulmoonraecoent,문래코아이비인후과의원,서울특별시 영등포구 당산로 34 로데오 ？ 쇼핑몰 A동 3층 301호 (문래동3가),37.5176,126.89505,서울 영등포구,서울 영등포구,,일치,37.5176,126.89505,0.0
seoulsinchangim,신창내과의원,서울특별시 영등포구 디지털로 369 (대림동),37.49046,126.9009,서울 영등포구,서울 영등포구,,일치,37.49046,126.9009,0.0
seoulkangnamsungsim,한림대학교 강남성심병원,"서울특별시 영등포구 신길로 1 (대림동, 강남성심병원)",37.49265,126.90878,서울 영등포구,서울 영등포구,,일치,37.49265,126.90878,0.0
seoulschmc,순천향대학교 부속 서울병원,서울특별시 용산구 대사관로 59 (한남동),37.53345,127.00472,서울 용산구,서울 용산구,,일치,37.53345,127.00472,0.0
seoulasanent,서울아산이비인후과의원,"서울특별시 은평구 불광로 25 2,3층 (대조동)",37.61066,126.92874,서울 은평구,서울 은평구,,일치,37.61066,126.92874,0.0
seoulenpyungsaint,가톨릭대학교 은평성모병원,서울특별시 은평구 통일로 1021 (진관동),37.63363,126.9168,서울 은평구,서울 은평구,,일치,37.63363,126.9168,0.0
seoulsnuh,서울대학교병원,서울특별시 종로구 대학로 101 (연건동),37.5802,127.0019,서울 종로구,서울 종로구,,일치,37.5802,127.0019,0.0
seoulkbsmc,강북삼성병원,서울특별시 종로구 새문안로 29 (평동),37.56813,126.96859,서울 종로구,서울 종로구,,일치,37.56813,126.96859,0.0
seoulcocoent,코코이비인후과의원,서울특별시 종로구 종로 205 (종로5가),37.57112,127.00063,서울 종로구,서울 종로구,,일치,37.57112,127.00063,0.0
seoulyounseisolent,연세솔이비인후과의원,서울특별시 종로구 지봉로 37-1 6층 (창신동),37.57335,127.01538,서울 종로구,서울 종로구,,일치,37.57335,127.01538,0.0
seoulboasent,보아스이비인후과의원,"서울특별시 중구 다산로 111 3층 (신당동, 한미빌딩)",37.55395,127.00994,서울 중구,서울 중구,,일치,37.55395,127.00994,0.0
seoulpaik,인제대학교 서울백병원,서울특별시 중구 마른내로 9-9 (저동2가),37.56475,126.98886,서울 중구,서울 중구,,일치,37.56475,126.98886,0.0
seoulmyungdongent,명동연세이비인후과의원,"서울특별시 중구 명동9가길 12 2,3,4층 (을지로2가)",37.56505,126.98389,서울 중구,서울 중구,,일치,37.56505,126.98389,0.0
seoulnmc,국립중앙의료원,서울특별시 중구 을지로 245 (을지로6가),37.5666,127.00545,서울 중구,서울 중구,,일치,37.5666,127.00545,0.0
seoulsunent,선이비인후과의원,"서울특별시 중랑구 망우로 353 c동 314호 (상봉동, 상봉 프레미어스 엠코)",37.59809,127.09132,서울 중랑구,서울 중랑구,,일치,37.59809,127.09132,0.0
ghmsclinic,광화문숲 정신건강의학과의원,서울 종로구 종로3길 34 삼송빌딩 6층,37.57165,126.978485,서울 종로구,서울 종로구,,일치,,,
sejongsorisooment,소리숨이비인후과의원,세종특별자치시 나성로 96 더센트럴 421호 (나성동),36.48774,127.26065,세종 세종시,세종 세종시,,일치,36.48774,127.26065,0.0
sejongchoongnamuniv,세종충남대학교병원,세종특별자치시 보듬7로 20 세종충남대학교병원 (도담동),36.51924,127.25767,세종 세종시,세종 세종시,,일치,36.51924,127.25767,0.0
sejongcoalent,코알이비인후과의원,세종특별자치시 한누리대로 2018 사이언스타운 4층 403~406호 (소담동),36.50605,127.25172,세종 세종시,세종 세종시,,일치,36.50605,127.25172,0.0
sejongdoomiso,두미소신경과의원,세종특별자치시 한누리대로 249 408~410호,36.48654,127.25758,세종 세종시,세종 세종시,,일치,36.48654,127.25758,0.0
sejongseoulsamsungent,서울삼성이비인후과의원,"세종특별자치시 한누리대로 275 형성프라자 401호,402호 (나성동)",36.50605,127.25172,세종 세종시,세종 세종시,,일치,36.50605,127.25172,0.0
ulsangoodmornigent,굿모닝이비인후과의원,"울산광역시 남구 남중로 37 5,6,7층 (삼산동)",35.53773,129.3473,울산 남구,울산 남구,,일치,35.53773,129.3473,0.0
ulsanhanaent,하나이비인후과병원,울산광역시 남구 삼산로 139 (달동),35.53638,129.3225,울산 남구,울산 남구,,일치,35.53638,129.3225,0.0
ulsanuuhulsan,학교법인 울산공업학원 울산대학교병원,울산광역시 동구 대학병원로 25 울산대학교병원 (전하동),35.548676,129.315,울산 동구,울산 남구,6.98,불일치_5km이상,35.548676,129.315,0.0
incheonincheonsejong,인천세종병원,인천광역시 계양구 계양문화로 20- (작전동),37.53252,126.73643,인천 계양구,인천 계양구,,일치,37.53252,126.73643,0.0
incheonbscoaent,비에스코아이비인후과의원,"인천광역시 계양구 봉오대로 668 2,3,5층 201,202,303,501호 (작전동)",37.5029,126.66093,인천 계양구,인천 서구,3.39,불일치_1~5km,37.5029,126.66093,0.0
incheongilhospital,의료법인 길의료재단 길병원,인천광역시 남동구 남동대로774번길 21-0 의료법인길의료재단길병원,37.4514,126.70928,인천 남동구,인천 남동구,,일치,37.4514,126.70928,0.0
incheonsoomsleep,숨수면의원,인천광역시 남동구 인주대로 582 신현프라자 6층 602호 (구월동),37.44985,126.70153,인천 남동구,인천 남동구,,일치,37.44985,126.70153,0.0
incheonnonhyunseoulent,논현서울이비인후과의원,"인천광역시 남동구 청능대로 581 광성프라자 2층 202,203호 (논현동)",37.40121,126.72368,인천 남동구,인천 남동구,,일치,37.40121,126.72368,0.0
incheoncleancoaent,맑은코아이비인후과의원,인천광역시 미추홀구 낙섬중로 138 미추홀프라자 3층일부층 (용현동),37.45837,126.64424,인천 미추홀구,인천 미추홀구,,일치,37.45837,126.64424,0.0
incheondainent,다인이비인후과병원,"인천광역시 부평구 경원대로 1242 지하1(일부)층, 1(일부)층, 3층, 4(일부)층, 5층, 6층, 7(일부)층 우암빌딩 (산곡동)",37.4877,126.70882,인천 부평구,인천 부평구,,일치,37.4877,126.70882,0.0
incheoncmcism,가톨릭대학교인천성모병원,인천광역시 부평구 동수로 56- (부평동),37.48473,126.72526,인천 부평구,인천 부평구,,일치,37.48473,126.72526,0.0
incheoncoaent,코아이비인후과의원,인천광역시 부평구 마장로 338 2층 일부호 (산곡동),37.50816,126.7037,인천 부평구,인천 부평구,,일치,37.50816,126.7037,0.0
incheonopenent,열린이비인후과의원,"인천광역시 서구 봉오재3로 44 2층 (가정동, 명문프라자)",37.52935,126.66576,인천 서구,인천 서구,,일치,37.4995632,126.7063995,4.88
incheonish,가톨릭관동대학교 국제성모병원,인천광역시 서구 심곡로100번길 25-0 인천국제성모병원,37.5423,126.68368,인천 서구,인천 서구,,일치,37.5423,126.68368,0.0
incheonlooganaen,의료법인루가의료재단 나은병원,인천광역시 서구 원적로 23- 23,37.48923,126.67992,인천 서구,인천 서구,,일치,37.48923,126.67992,0.0
incheonkumdanysent,검단연세이비인후과의원,"인천광역시 서구 이음대로 378 로뎀타워 604, 605, 606호 (원당동)",37.62222,126.6742,인천 서구,인천 서구,,일치,37.62222,126.6742,0.0
incheonbestent,베스트이비인후과의원,"인천광역시 연수구 랜드마크로 68 301동 2층 234,266,267,268호 (송도동, 랜드마크시티센트럴더샵)",37.41492,126.62098,인천 연수구,인천 연수구,,일치,37.41492,126.62098,0.0
incheonnlent,늘이비인후과의원,"인천광역시 연수구 센트럴로 415 힐스테이트 송도 더테라스 판매시설동 2층 233,234,235,236,237호 (송도동)",37.478092,126.64029,인천 연수구,인천 동구,4.85,불일치_1~5km,,,
incheonkimyounghyoent,김영효이비인후과의원,"인천광역시 연수구 신송로 161 송도 하이츠 3층 305,306호 (송도동)",37.478092,126.64029,인천 연수구,인천 동구,4.85,불일치_1~5km,,,
incheonsongdocoent,송도코엔이비인후과의원,인천광역시 연수구 해돋이로 168-2,37.38114,126.65648,인천 연수구,인천 연수구,,일치,,,
incheoninha,인하대학교의과대학부속병원,인천광역시 중구 인항로 27 (신흥동3가),37.45788,126.63363,인천 중구,인천 중구,,일치,37.45788,126.63363,0.0
incheonclearskyent,맑은하늘이비인후과의원,인천광역시 중구 하늘중앙로 193 조양타워 603호 (중산동),37.49042,126.56043,인천 중구,인천 중구,,일치,37.49042,126.56043,0.0
gdcentralentclinic,검단센트럴이비인후과의원,인천 서구 고산후로 222 푸리마더타워 601~604호,37.627647,126.70702,인천 서구,경기 김포시,1.36,불일치_1~5km,,,
jeonnamhadangdreament,하당드림이비인후과의원,전라남도 목포시 백년대로 295 2층 (상동),34.80386,126.41996,전남 목포시,전남 목포시,,일치,34.80386,126.41996,0.0
jeonnamjoyunent,조연이비인후과병원,전라남도 목포시 백년대로 298 (상동),34.80352,126.42055,전남 목포시,전남 목포시,,일치,34.80352,126.42055,0.0
jeonnamhadangmokpoent,하당목포이비인후과의원,전라남도 목포시 백년대로 391 (옥암동),34.80822,126.42902,전남 목포시,전남 목포시,,일치,34.80822,126.42902,0.0
jeonnamenosent,이노스이비인후과병원,전라남도 순천시 봉화3길 14-28 (조례동),34.96399,127.52097,전남 순천시,전남 순천시,,일치,34.96399,127.52097,0.0
jeonnamhanaent,하나이비인후과의원,"전라남도 순천시 이수로 305 2층~4층층 (조례동, 동부클라이밍,NEPA)",34.95325,127.51734,전남 순천시,전남 순천시,,일치,34.95325,127.51734,0.0
jeonnamschwang,황인용신경과의원,전라남도 순천시 이수로 321 6층 (조례동),34.95397,127.51899,전남 순천시,전남 순천시,,일치,34.95397,127.51899,0.0
jeonnamsooent,수이비인후과의원,전라남도 순천시 중앙로 67 3층 (저전동),34.95164,127.48361,전남 순천시,전남 순천시,,일치,34.95164,127.48361,0.0
jeonnambestent,최고이비인후과의원,전라남도 여수시 중앙로 30 2층 (교동),34.74023,127.73144,전남 여수시,전남 여수시,,일치,34.74023,127.73144,0.0
jeonbukgssokim,군산속편한내과의원,전라북도 군산시 공단대로 589,35.97154,126.68185,전북 군산시,전북 군산시,,일치,35.97148287,126.6817635,0.01
jeonbukdreament,드림이비인후과의원,전라북도 익산시 무왕로9길 7,35.95909,126.97312,전북 익산시,전북 익산시,,일치,35.9591583,126.9729964,0.01
jeonbukcuh,전북대학교병원,전라북도 전주시 덕진구 건지로 20,35.84507,127.14285,전북 전주시덕진구,전북 전주시덕진구,,일치,35.84707347,127.1412205,0.27
jeonbukdaejain,대자인병원,전라북도 전주시 덕진구 견훤로 390,35.84594,127.15313,전북 전주시덕진구,전북 전주시덕진구,,일치,35.8459658,127.15337,0.02
jeonbukjeonjoodoolove,전주두사랑신경과의원,전라북도 전주시 덕진구 백제대로 686,35.84373,127.14427,전북 전주시덕진구,전북 전주시덕진구,,일치,35.84384772,127.1443805,0.02
jeonbukchament,참이비인후과의원,전라북도 전주시 덕진구 솔내로 152,35.86362,127.12708,전북 전주시덕진구,전북 전주시덕진구,,일치,35.86367895,127.1272246,0.01
jeonbukbestent,베스트이비인후과의원,전라북도 전주시 완산구 쑥고개로 317,35.80248,127.0999,전북 전주시완산구,전북 전주시완산구,,일치,35.80253861,127.0999082,0.01
jeonbuktopent,탑이비인후과의원,전라북도 전주시 완산구 온고을로 26,35.83405,127.12011,전북 전주시완산구,전북 전주시완산구,,일치,35.83415889,127.1200996,0.01
jeonbukkybent,김양박이비인후과의원,전라북도 전주시 완산구 용머리로 66,35.80815,127.12868,전북 전주시완산구,전북 전주시완산구,,일치,35.80634184,127.1174715,1.03
jejuseoulasanent,서울아산이비인후과의원,제주특별자치도 서귀포시 일주동로 8694,33.2531,126.55953,제주 서귀포시,제주 서귀포시,,일치,33.26404,126.63661,7.27
jejusamsunggood,삼성맘편한신경과의원,제주특별자치도 서귀포시 중앙로 113 2층,33.25476,126.56054,제주 서귀포시,제주 서귀포시,,일치,33.25476,126.56054,0.0
jejubestent,최고이비인후과의원,제주특별자치도 제주시 노형로 376 2층,33.48348,126.47611,제주 제주시,제주 제주시,,일치,33.48348,126.47611,0.0
jejuclearent,상쾌한이비인후과의원,"제주특별자치도 제주시 동광로 124 3,4,5층",33.29088,126.16729,제주 제주시,제주 제주시,,일치,33.29088,126.16729,0.0
jejujejujuuh,제주대학교병원,제주특별자치도 제주시 아란13길 15- 제주대학교병원 (아라일동),33.47114,126.5433,제주 제주시,제주 제주시,,일치,33.47114,126.5433,0.0
jejucleanent,맑은수면이비인후과의원,"제주특별자치도 제주시 원노형남1길 1 더현빌딩 2,3층 (노형동)",33.48271,126.48363,제주 제주시,제주 제주시,,일치,33.48271,126.48363,0.0
chungnamcoaent,코아이비인후과의원,충남 당진시 당진중앙2로 96,36.8937,126.63035,충남 당진시,충남 당진시,,일치,36.89365787,126.6304116,0.01
chungnamchament,참이비인후과의원,충청남도 서산시 호수공원6로 53,36.77331,126.44952,충남 서산시,충남 서산시,,일치,36.77333915,126.4494883,0.0
chungnamclearent,상쾌한이비인후과의원,충청남도 아산시 배방읍 배방로 49 (),36.77248,127.05498,충남 아산시,충남 아산시,,일치,36.77248,127.05498,0.0
chungnamasandoorient,아산두리이비인후과의원,충청남도 아산시 번영로 223 3층 301호,36.78437,127.01535,충남 아산시,충남 아산시,,일치,36.78437,127.01535,0.0
chungnamtangjungent,탕정열린이비인후과의원,"충청남도 아산시 탕정면 한들물빛도시로 85 2,3,4층",36.8097,127.04463,충남 아산시,충남 아산시,,일치,36.8097,127.04463,0.0
chungnamdkuh,단국대학교의과대학부속병원,충청남도 천안시 동남구 망향로 201 (안서동),36.79219,127.35582,충남 천안시동남구,충남 천안시동남구,,일치,36.79219,127.35582,0.0
chungnamschmccheonan,순천향대학교부속 천안병원,"충청남도 천안시 동남구 순천향6길 31 5동 (봉명동,순천향대학교병원)",36.80214,127.13528,충남 천안시동남구,충남 천안시동남구,,일치,36.80214,127.13528,0.0
chungnamcleanent,맑은이비인후과의원,"충청남도 천안시 서북구 불당21로 67-26 2층 201,202,203호 (불당동)",36.82114,127.10769,충남 천안시서북구,충남 천안시서북구,,일치,36.82114,127.10769,0.0
chungnamsamsungsmartkjs,삼성스마트김석재신경과의원,충청남도 천안시 서북구 불당21로 67-8 5층 503호 (불당동),36.84434,127.1602,충남 천안시서북구,충남 천안시서북구,,일치,36.84434,127.1602,0.0
chungnamdoorient,두리이비인후과의원,"충청남도 천안시 서북구 쌍용1길 21 2,3,4층 (쌍용동)",36.80132,127.11946,충남 천안시서북구,충남 천안시서북구,,일치,36.80132,127.11946,0.0
chungbukchoongbookuniv,충북대학교병원,충청북도 청주시 서원구 1순환로 776-0 충북대학교병원,36.60642,127.48943,충북 청주시서원구,충북 청주시서원구,,일치,36.60642,127.48943,0.0
chungbukcoaent,코아이비인후과의원,"충청북도 청주시 서원구 사직대로 108 하나로상호저축은행 지하1,지상1층 (사창동)",36.63466,127.45929,충북 청주시서원구,충북 청주시서원구,,일치,36.63466,127.45929,0.0
chungbukseoulent,서울이비인후과의원,충청북도 청주시 청원구 공항로 126 3층,36.66842,127.48536,충북 청주시청원구,충북 청주시청원구,,일치,36.66842,127.48536,0.0
chungbukhanaent,하나이비인후과의원,충청북도 청주시 청원구 상당로 291 (내덕동),36.65447,127.48837,충북 청주시청원구,충북 청주시청원구,,일치,36.65447,127.48837,0.0
chungbukdreament,드림이비인후과의원,충청북도 청주시 청원구 주성로 269 미래빌딩 3층 301호 (주성동),36.67064,127.49623,충북 청주시청원구,충북 청주시청원구,,일치,36.67064,127.49623,0.0
chungbukdoctoryounent,닥터연이비인후과의원,충청북도 청주시 흥덕구 2순환로 1234 3층 301호,36.62591,127.42988,충북 청주시흥덕구,충북 청주시흥덕구,,일치,36.62591,127.42988,0.0
chungbukcjhana,의료법인한마음의료재단하나병원,충청북도 청주시 흥덕구 2순환로 1262-0 하나병원,36.62378,127.43144,충북 청주시흥덕구,충북 청주시흥덕구,,일치,36.62378,127.43144,0.0
chungbukdoorient,두리이비인후과의원,충청북도 청주시 흥덕구 가경로 8,36.6174,127.44409,충북 청주시흥덕구,충북 청주시흥덕구,,일치,36.6174,127.44409,0.0
chungbukbrain,브레인신경과의원,충청북도 청주시 흥덕구 복대동 대농로 56,36.64172,127.42843,충북 청주시흥덕구,충북 청주시흥덕구,,일치,36.64172,127.42843,0.0
chungbukyounseient,연세이비인후과의원,충청북도 청주시 흥덕구 풍산로 32 1층 2층 (가경동),36.62641,127.43399,충북 청주시흥덕구,충북 청주시흥덕구,,일치,36.62641,127.43399,0.0
chungbukankihyunent,안기현이비인후과의원,대한민국 충청북도 충주시 칠금동 867,36.98218,127.91767,충북 충주시,충북 충주시,,일치,37.10606,127.93638,13.87
