id,name,name_len,region,address,flags
gangwonnugaent,누가이비인후과의원,9,강원,강원도 동해시 한섬로 111-7,
gangwonkysent,김영석이비인후과의원,10,강원,강원도 원주시 원문로 116,
gangwonyeonsewonjuseverance,연세대학교 원주세브란스기독병원,16,강원,강원도 원주시 일산로 20,
gangwonhkent,홍&권이비인후과의원,10,강원,강원도 원주시 중앙로 105,이름_특수문자/공백
gangwonuniv,강원대학교병원,7,강원,강원도 춘천시 백령로 156,
gangwonhanlimchuncheon,한림대학교부속 춘천성심병원,14,강원,강원도 춘천시 삭주로 77,
gyeonggibomboment,봄봄이비인후과의원,9,경기,경기도 고양시 덕양구 권율대로 672 3호선 원흥역 봄오피스텔 3층 313~315호 (원흥동),
gyeonggidoorient,향동두리이비인후과의원,11,경기,경기도 고양시 덕양구 꽃마을로 4 퍼스트타워 4층 404호 (향동동),
gyeonggicoaent,코아이비인후과의원,9,경기,"경기도 고양시 덕양구 마상로154번길 68 문덕메디칼빌딩 301호,303호호",동명
gyeonggimyungji,의료법인명지의료재단명지병원,14,경기,경기도 고양시 덕양구 화수로14번길 55 (화정동),
gyeonggiilsanbudist,동국대학교일산불교병원,11,경기,"경기도 고양시 일산동구 동국로 27 (식사동, 동국대학교일산병원)",
gyeonggiilsanent,일산이비인후과의원,9,경기,"경기도 고양시 일산동구 무궁화로 39 (장항동, 삼라마이다스 3차 206,209,210호)",
gyeongginhimilsan,국민건강보험공단일산병원,12,경기,경기도 고양시 일산동구 일산로 100,
gyeonggisoom,숨수면의원,5,경기,"경기도 고양시 일산동구 일산로 46 남정시티프라자 409호, 410호 (백석동)",동명
gyeonggiheavenly,해븐리병원,5,경기,경기도 고양시 일산동구 중산로 117,
gyeonggiilsanpaik,인제대학교일산백병원,10,경기,경기도 고양시 일산서구 주화로 170 (대화동),
gyeonggihansarangent,한사랑그린이비인후과의원,12,경기,"경기도 고양시 일산서구 중앙로 1416 7층 (주엽동, 한사랑빌딩)",
gyeonggiseoulasanent,서울아산이비인후과의원,11,경기,"경기도 광명시 오리로 865 2층 1호 (철산동, 명지빌딩)",동명
gyeonggiseoulsaintent,서울성모이비인후과의원,11,경기,"경기도 광명시 오리로 870 6층 (철산동, 스타힐스빌딩)",
gyeonggihanyanggooli,한양대학교구리병원,9,경기,경기도 구리시 경춘로 153 (교문동),
gyeonggiopenent,열린이비인후과의원,9,경기,경기도 구리시 경춘로227번길 14 303호,동명
gyeonggiseoulasancentral,서울아산센트럴의원,9,경기,경기도 군포시 송부로34번길 35 센트럴프라자 2층 (도마교동),
gyeonggiflowerdreament,꽃드림이비인후과의원,10,경기,"경기도 군포시 송부로74번길 3-40 금강프라자 204,205,206호 (도마교동)",
gyeonggiverygoodent,참좋은이비인후과의원,10,경기,경기도 김포시 걸포2로 33 401호 (걸포동),
gyeonggitreeent,트리이비인후과의원,9,경기,경기도 김포시 고촌읍 수기로 115 센트럴타워 501~2호,
gyeonggiheezmedi,히즈메디병원,6,경기,경기도 김포시 김포대로 681 (풍무동),
gyeonggidreament,드림이비인후과의원,9,경기,경기도 김포시 김포대로 709 퍼스트블루 503~4호 (풍무동),동명
gyeonggikimpohanaent,김포하나이비인후과의원,11,경기,경기도 김포시 김포한강1로 227 광장프라자 306호 (운양동),
gyeonggihient,하이이비인후과의원,9,경기,"경기도 김포시 김포한강2로 222 305,306호 (장기동, 대영메디칼아카데미)",
gyeonggibaroent,바로이비인후과의원,9,경기,경기도 김포시 김포한강4로 507 2층 207호 (구래동),
gyeonggiclearent,상쾌한이비인후과의원,10,경기,경기도 김포시 양도로 23 오성프라자 3층 302호 (풍무동),동명
gyeonggiyunseiandetooent,연세와이투이비인후과의원,12,경기,경기도 김포시 풍무로 25 303호,
gyeonggikangim,강내과의원,5,경기,경기도 남양주시 와부읍 덕소로 214 (),
gyeonggierooment,이룸이비인후과의원,9,경기,경기도 남양주시 진접읍 해밀예당1로 30 센타프라자 6층,
gyeonggilhospital,엘병원,3,경기,경기도 남양주시 퇴계원읍 퇴계원로 20 지하2~지상7층 일부제외호,
gyeonggiclearsaintent,맑은성모이비인후과의원,11,경기,경기도 부천시 석천로183번길 35 301호,
gyeonggibusheoncoeent,부천코엔이비인후과의원,11,경기,"경기도 부천시 소사로 754 2층일부, 3층일부 (원종동)",
gyeonggischmcbucheon,순천향대학교부속부천병원,12,경기,경기도 부천시 조마루로 170 (중동),
gyeonggisnubh,분당서울대학교병원,9,경기,"경기도 성남시 분당구 구미로173번길 82 (구미동, 분당서울대학교병원)",
gyeonggidmcbundang,대진의료재단 분당제생병원,13,경기,경기도 성남시 분당구 서현로180번길 20 (서현동),
gyeonggi365syseoulent,365에스와이(SY)서울연세이비인후과의원,22,경기,"경기도 성남시 분당구 서현로210번길 20 3,4층 305-3,306,402호 (서현동, 코코프라자)",
gyeonggileehongent,리앤홍이비인후과의원,10,경기,"경기도 성남시 분당구 성남대로331번길 7 401호 402-1일부호 (정자동, 정자스타빌딩)",
gyeonggibundangchamc,차의과학대학교분당차병원,12,경기,경기도 성남시 분당구 야탑로 59 (야탑동),
gyeonggiwingent,윙이비인후과의원,8,경기,경기도 성남시 분당구 판교역로 152 알파돔타워 2층 202호 (백현동),
gyeonggiyshappyent,연세해피이비인후과의원,11,경기,경기도 성남시 수정구 산성대로 241 5층 (신흥동),
gyeonggitheclearent,더맑은이비인후과의원,10,경기,경기도 성남시 수정구 수정로 291 상가1동 3층 302호 (신흥동),
gyeonggiysboment,연세봄이비인후과의원,10,경기,"경기도 성남시 수정구 위례광장로 310 5층 503,504호 (창곡동, 우성트램타워)",동명
gyeonggiwereahanaent,위례하나이비인후과의원,11,경기,"경기도 성남시 수정구 위례광장로 310 우성트램타워 A동 301호, 302 일부호",
gyeonggiwereacentalent,위례센트럴이비인후과의원,12,경기,"경기도 성남시 수정구 위례광장로 320 5층 515,516호 (창곡동, 아이에스센트럴타워)",
gyeonggiwereaplusent,위례플러스이비인후과의원,12,경기,"경기도 성남시 수정구 위례동로 153 4층 403호 (창곡동, 에이플타워)",
gyeonggihanaent,하나이비인후과의원,9,경기,경기도 수원시 권선구 덕영대로1201번길 34 3층 (권선동),동명
gyeonggijohnsbilent,존스빌이비인후과의원,10,경기,경기도 수원시 권선구 덕영대로1201번길 8 3층,
gyeonggiseoulsamsungplusim,서울삼성플러스내과의원,11,경기,"경기도 수원시 권선구 매송고색로 526 201, 202호 (오목천동)",
gyeonggihomaesilysent,호매실연세이비인후과의원,12,경기,경기도 수원시 권선구 호매실로104번길 24-43 401~405호 (호매실동),
gyeonggikwangkyogoodsleep,광교굿슬립의원,7,경기,경기도 수원시 영통구 도청로18번길 26 힐스테이트광교중앙역 3층 338호~341호 (이의동),
gyeonggithewell,더웰병원,4,경기,"경기도 수원시 영통구 봉영로 1620 (영통동, 대우월드마크영통 3,5,6,7,8층)",
gyeonggisoomandsoopent,숨앤숲이비인후과의원,10,경기,"경기도 수원시 영통구 센트럴타운로 111 301호,302호 (이의동, 광교서희스타힐스)",
gyeonggiajoumc,아주대학교병원,7,경기,경기도 수원시 영통구 월드컵로 164 (원천동),
gyeonggiajouwellent,아주웰이비인후과의원,10,경기,"경기도 수원시 영통구 중부대로 264 3층, 4층 일부층 (매탄동)",
gyeonggijoeunent,조은이비인후과의원,9,경기,경기도 수원시 장안구 창룡대로 197 (연무동),동명
gyeonggitomaswiylshosiptal,의료법인 토마스의료재단 윌스기념병원,19,경기,경기도 수원시 팔달구 경수대로 437 (인계동),
gyeonggihwaseotopim,화서탑내과의원,7,경기,경기도 수원시 팔달구 동말로 81 3층 (화서동),
gyeonggidswhop,의료법인 녹산의료재단동수원병원,16,경기,경기도 수원시 팔달구 중부대로 165 (우만동),
gyeonggicmvincent,가톨릭대학교 성빈센트병원,13,경기,경기도 수원시 팔달구 중부대로 93 (지동),
gyeonggitheent,더이비인후과의원,8,경기,경기도 시흥시 승지로59번길 12 시티타워 2층 204~206호 (능곡동),
gyeonggisihwaent,시화이비인후과의원,9,경기,경기도 시흥시 옥구천동로374번길 83 송산빌딩 202~204호 (정왕동),
gyeonggisoomandsorient,숨앤소리이비인후과의원,11,경기,경기도 시흥시 은계번영길 19 은계 디스퀘어큐브 5층 503~506호 (은행동),
gyeonggigoodent,굿이비인후과의원,8,경기,"경기도 안산시 단원구 고잔로 88 606호, 예술대학로 17, 919호 (고잔동)",
gyeonggiyounghospital,젊은신경과의원,7,경기,"경기도 안산시 단원구 광덕대로 138 305~309호 (고잔동, 골든에이스프라자)",
gyeonggicleansament,맑은샘이비인후과의원,10,경기,"경기도 안산시 단원구 라성로 43 벽산블루밍아파트 401,402,403,404,404-1호 (원곡동)",
gyeonggiyeplusent,예플러스이비인후과의원,11,경기,"경기도 안산시 단원구 원포공원1로 49 태영타운 308,309일부,314,315호 (초지동)",
gyeonggiansankumc,고려대학교의과대학부속안산병원,15,경기,경기도 안산시 단원구 적금로 123 (고잔동),
gyeonggiansancoient,안산코아이비인후과의원,11,경기,경기도 안산시 단원구 화랑로 102 e편한세상초지역센트럴포레상가 1동 3층 322~326호 (원곡동),
gyeonggihallym,한림대학교성심병원,9,경기,경기도 안양시 동안구 관평로170번길 22 (평촌동),
gyeonggico365ent,코앤365이비인후과의원,12,경기,"경기도 양주시 고읍남로 10 302, 303호",
gyeonggisekyoseoulent,세교서울이비인후과의원,11,경기,"경기도 오산시 내삼미로79번길 11 2층 207,208호 (수청동, 선우중앙타워)",
gyeongginewysiseverance,연세대학교 의과대학 용인세브란스병원,19,경기,경기도 용인시 기흥구 동백죽전대로 363 (중동),
gyeonggisorisaintent,소리성모이비인후과의원,11,경기,경기도 용인시 수지구 성복2로 37 정환빌딩 3층 (성복동),
gyeonggieuljieuijeongbu,학교법인 을지학원 의정부을지대학교병원,20,경기,경기도 의정부시 동일로 712 을지대학교 의정부캠퍼스 및 부속병원 (금오동),
gyeonggiclearseoulent,맑은서울이비인후과의원,11,경기,경기도 의정부시 오목로225번길 177 폴리프라자 401-406호 (민락동),
gyeonggimoduent,모두이비인후과의원,9,경기,경기도 의정부시 용민로 60 3층 (용현동),
gyeonggicmccujb,가톨릭대학교의정부성모병원,13,경기,경기도 의정부시 천보로 271 의정부성모병원 (금오동),
gyeonggipajoohanaent,파주하나이비인후과의원,11,경기,경기도 파주시 교하로 87 삼성프라자 501호 (목동동),
gyeongginelboment,늘봄이비인후과의원,9,경기,경기도 파주시 청암로17번길 33 701~703호 (목동동),
gyeonggigoduckcentralent,고덕센트럴이비인후과의원,12,경기,"경기도 평택시 고덕면 고덕중앙로 200-4 우성고덕타워 409,410,411호",
gyeonggivisionent,비전이비인후과소아청소년과의원,15,경기,"경기도 평택시 비전5로 20-24 312,313호 (비전동)",
gyeonggiseoulent,서울이비인후과의원,9,경기,경기도 평택시 중앙2로 13,동명
gyeonggigoodmohospital,의료법인백송의료재단 굿모닝병원,16,경기,경기도 평택시 중앙로 338 (합정동),
gyeonggicomient,코미이비인후과의원,9,경기,경기도 하남시 미사강변대로 222 502호503호 (망월동),
gyeonggitheseoulent,더서울이비인후과의원,10,경기,"경기도 하남시 미사강변동로 127 경서타워 406,407호 (망월동)",
gyeonggimisaysent,미사연세이비인후과의원,11,경기,"경기도 하남시 미사강변동로 73 508호~512호 (망월동, 미사강변노블레스)",
gyeonggirakebomboment,레이크봄봄이비인후과의원,12,경기,"경기도 화성시 동탄대로 181 301~303호,307~309일부호 (송동, 동탄린스트라우스더레이크)",
gyeonggidoorient-southdongtan,두리이비인후과의원 남동탄점,14,경기,경기도 화성시 동탄대로 198 드림타워 306호 (산척동),
gyeonggidongtranstationent,동탄역아주시원한이비인후과의원,15,경기,경기도 화성시 동탄대로 489 동탄역우성타워 304~305 211호 904일부 (오산동),
gyeonggisaintwoorient,성모우리이비인후과의원,11,경기,"경기도 화성시 동탄대로시범길 134 판매시설 2125호~2132호 (청계동, 시범 반도유보라 아이비파크4.0)",
gyeonggiseoulsomangent,서울소망이비인후과의원,11,경기,"경기도 화성시 동탄대로시범길 146 4층 403호 (청계동, 포트센트럴시티)",
gyeonggicozent,코즈이비인후과의원,9,경기,"경기도 화성시 동탄반석로 130 602호 (반송동, 드림프라자)",
gyeonggiyunseiprimeent,연세프라임이비인후과의원,12,경기,"경기도 화성시 동탄솔빛로 64 가희프라자2 302호,506일부호 (반송동)",
gyeonggidongtansamsungent,동탄삼성이비인후과의원,11,경기,경기도 화성시 동탄순환대로 127-5 우성센트럴타워 4층 408~410호 (산척동),
gyeonggitheopenent,더열린이비인후과의원,10,경기,"경기도 화성시 봉담읍 상리2길 51 503,504호",
gyeonggidongtanhallym,한림대학교동탄성심병원,11,경기,경기도 화성시 큰재봉길 7 (석우동),
gyeongnamgeojechildren,거제아동병원,6,경남,경상남도 거제시 동문천로 52 (고현동),
gyeongnamajooent,아주대우아동의원,8,경남,"경상남도 거제시 아주1로2길 65 1,2,3,4층 (아주동)",
gyeongnamseoulent,서울이비인후과의원,9,경남,"경상남도 김해시 내외중앙로 84 10.11층 (내동, 서울메디컬센터)",동명
gyeongnamivyent,아이비이비인후과의원,10,경남,경상남도 김해시 내외중앙로 92 4층 (내동),
gyeongnamyangsanent,양산부산대학교병원,9,경남,경상남도 양산시 물금읍 금오로 20 (),
gyeongnamgnuh,경상국립대학교병원,9,경남,경상남도 진주시 강남로 79,
gyeongnamyaleent,예일이비인후과의원,9,경남,"경상남도 창원시 마산회원구 3·15대로 645 예일메디컬센터 2,8,9층 3층(303)호 (석전동)",동명
gyeongnamskkuchangwon,학교법인성균관대학삼성창원병원,15,경남,"경상남도 창원시 마산회원구 팔용로 158-158 (합성동, 삼성창원병원)",
gyeongnamsmcskku,창원경상국립대학교병원,11,경남,"경상남도 창원시 성산구 삼정자로 11 (성주동, 창원경상대학교병원)",
gyeongbukseoulsamsung,서울삼성신경과의원,9,경북,경상남도 창원시 의창구 중동중앙로 83 D7Park 5층 512-516호 (중동),region불일치(주소 경남)
gyeongbukdosin,DO두신경과의원,8,경북,경상남도 통영시 무전대로 41 201~401호 (무전동),region불일치(주소 경남)
gyeongbukkyungjoosaint,경주성모안과의원,8,경북,경상북도 경주시 원화로 293 성모클리닉빌딩 (성동동),
gyeongbukyoungchunent,영천중앙이비인후과의원,11,경북,경상북도 영천시 완산로 53 3층 (완산동),
gyeongbukcoaent,코아 이비인후과 의원,11,경북,경상북도 포항시 남구 시청로 5 (대잠동),
gyeongbukphgidok,의료법인한성재단포항세명기독병원,16,경북,경상북도 포항시 남구 포스코대로 351,
gwangjuhicocoent,하이코코이비인후과의원,11,광주,"광주광역시 광산구 동곡로 739 3층 303, 304, 305호 (선암동)",
gwangjufirstent,퍼스트이비인후과의원,10,광주,광주광역시 광산구 임방울대로 342 (수완동),
gwangjusoowan,광주수완병원,6,광주,광주광역시 광산구 임방울대로 370 (수완동),
gwangjubestent,베스트이비인후과의원,10,광주,광주광역시 광산구 장신로 77 301~303호 (장덕동),동명
gwangjucentument,센텀이비인후과의원,9,광주,광주광역시 광산구 장신로 82,
gwangjucheomdanhop,첨단종합병원,6,광주,광주광역시 광산구 첨단중앙로170번길 59 (쌍암동),
gwangjusooment,숨편한이비인후과의원,10,광주,광주광역시 남구 대남대로 139 2층 (봉선동),
gwangjujhpjhent,제이에이치박준희이비인후과의원,15,광주,광주광역시 남구 서문대로 671 2~3층 (진월동),
gwangjukch,광주기독병원,6,광주,광주광역시 남구 양림로 37 (양림동),
gwangjuroielent,로이엘이비인후과의원,10,광주,광주광역시 남구 제석로 104 6층 (봉선동),
gwangjucoandsoopent,코와숲이비인후과의원,10,광주,광주광역시 동구 백서로 133 금동 180-3 제2종근린생활시설 (금동),
gwangjucnuh,전남대학교병원,7,광주,광주광역시 동구 제봉로 42 (학동),
gwangjuchosun,조선대학교병원,7,광주,광주광역시 동구 필문대로 365 (학동),
gwangjugooddoctor,굿닥터의원,5,광주,"광주광역시 북구 갈마로 45 3,4층 (두암동)",
gwangjuhappyview,해피뷰병원,5,광주,광주광역시 북구 경열로 216-0 해피뷰병원,
gwangjuntopent,엔탑이비인후과병원,9,광주,광주광역시 북구 설죽로 347 (매곡동),
gwangjucoyoung,코앤영의원,5,광주,"광주광역시 서구 시청로 3 2,3층 (치평동)",
gwangjuhohoent,호호이비인후과의원,9,광주,"광주광역시 서구 화정로 259 4층 401, 404호",
daegudcmc,대구가톨릭대학교병원,10,대구,대구광역시 남구 두류공원로17길 33 (대명동),
daegubarunent,바른미이비인후과의원,10,대구,대구광역시 남구 봉덕로 90 3층 (봉덕동),
daegukwakandsinent,곽앤신연합이비인후과의원,12,대구,대구광역시 남구 월배로 474 4층 (대명동),
daeguyumc,영남대학교병원,7,대구,대구광역시 남구 현충로 170 (대명동),
daegudsmc,계명대학교동산병원,9,대구,대구광역시 달서구 달구벌대로 1035 (신당동),
daegudanielent,다니엘이비인후과의원,10,대구,"대구광역시 달서구 조암로 4 4층 (월성동, 그루메디컬빌딩)",
daeguchungmyungent,청명연합이비인후과의원,11,대구,"대구광역시 달서구 조암로 42 플러스타워 201,202,402,403호 (월성동)",
daeguthenaenent,더나은이비인후과의원,10,대구,대구광역시 달성군 화원읍 비슬로 2579-4 (),
daegupatima,대구파티마병원,7,대구,대구광역시 동구 아양로 99 (신암동),
daeguisaent,이시아이비인후과의원,10,대구,대구광역시 동구 팔공로51길 17 2층 (봉무동),
daeguknumc,칠곡경북대학교병원,9,대구,대구광역시 북구 호국로 807 칠곡경북대학교병원(임살실습동 1~11층 포함) (학정동),
daegusamsung,대구삼성신경과의원,9,대구,대구광역시 수성구 달구벌대로 2401 3층 (범어동),
daegumacsumyunent,맥수면이비인후과의원,10,대구,"대구광역시 수성구 달구벌대로 2435 상가동 205, 205-2, 205-6호 (범어동, 두산위브더제니스)",
daeguyaleent,예일이비인후과의원,9,대구,대구광역시 수성구 범안로 70 5층 (범물동),동명
daegutheoneent,더원이비인후과의원,9,대구,대구광역시 수성구 수성로 218 4~6층 (중동),
daegukoreaent,코리아이비인후과의원,10,대구,대구광역시 중구 남산로 83-1 3-5층 (남산동),
daegucentralent,중앙이비인후과의원,9,대구,"대구광역시 중구 달구벌대로 2233 1,3,4,5층 (삼덕동3가)",
daeguhooent,후이비인후과의원,8,대구,"대구광역시 중구 동성로1길 81 3층,9층",
daejeoncobbulsoent,코뿔소이비인후과의원,10,대전,대전광역시 서구 계룡로 599 MG한밭빌딩 5층 (탄방동),
daejeonkyuh,학교법인 건양교육재단 건양대학교병원,19,대전,대전광역시 서구 관저동로 158 (관저동),
daejeonrafael,라파엘신경과의원,8,대전,대전광역시 서구 둔산남로 107 9층 (둔산동),
daejeonyounyounent,윤앤윤이비인후과의원,10,대전,대전광역시 서구 둔산로123번길 21 4층 (둔산동),동명
daejeonemc,학교법인 을지학원 대전을지대학교병원,19,대전,대전광역시 서구 둔산서로 95 (둔산동),
daejeonyangent,양이비인후과의원,8,대전,대전광역시 서구 청사로 121 5층 청사서로 26 미래빌딩2층호 (월평동),
daejeonyuseonhsunhospital,의료법인영훈의료재단 유성선병원,16,대전,대전광역시 유성구 북유성대로 93 (지족동),
daejeonjoenent,조은이비인후과의원,9,대전,"대전광역시 유성구 지족동로 152 코오롱빌딩 2,3층 201,303호 (지족동)",동명
daejeoncmcdj,학교법인 가톨릭학원 가톨릭대학교 대전성모병원,24,대전,대전광역시 중구 대흥로 64 (대흥동),
daejeonsunhopital,의료법인 영훈의료재단 대전선병원,17,대전,대전광역시 중구 목중로 29 (목동),
daejeoncnuh,충남대학교병원,7,대전,대전광역시 중구 문화로 282- (대사동),
busancoent,코엔이비인후과의원부산성모병원(재단법인 천주교부산교구유지재단)베스트이비인후과의원연세대학교 원주세브란스기독병원한림대학교성심병원두리이비인후과의원,77,부산,부산광역시 기장군 정관면 정관로 395 (금양프라자 3층),긴이름(77자)
busanbsm,부산성모병원(재단법인 천주교부산교구유지재단),24,부산,부산광역시 남구 용호로232번길 25-14 (용호동),
busansamsungsmart,삼성스마트신경과의원,10,부산,"부산광역시 동래구 중앙대로 1523 SKHUBSKY 2,4층 B2-6~9,12~15호, B4-5,6호 (온천동)",
busanbestent,베스트이비인후과의원,10,부산,"부산광역시 동래구 충렬대로 259 동호 디시티 2층,3층 일부호 (낙민동)",동명
busanonhospital,의료법인 온그룹의료재단 온종합병원,18,부산,"부산광역시 부산진구 가야대로 721 719, 767 (당감동)",
busanmedicalent,메디칼이비인후과의원,10,부산,부산광역시 부산진구 가야대로 767-1 (부전동),
busandhps,디에이치성형외과의원,10,부산,"부산광역시 부산진구 가야대로784번길 21 5~8층, 가야대로 783, 11~12층 (부전동)",
busanpaikbusan,인제대학교부산백병원,10,부산,"부산광역시 부산진구 복지로 75, 진사로83번길 75 진사로83번길 81, 1층(일부), 3층 (개금동)",
busanopenent,열린이비인후과의원,9,부산,부산광역시 부산진구 중앙대로 700 7층,동명
busanyangchngkookhospital,양창국의원,5,부산,부산광역시 부산진구 중앙대로 708 12층,
busansooment,부산숨이비인후과의원,10,부산,"부산광역시 사하구 낙동남로 1412 경부빌딩 7층일부,8층 (하단동)",
busankosinmed,고신대학교복음병원,9,부산,부산광역시 서구 감천로 262 (암남동),
busanbusanunivhiopi,부산대학교병원,7,부산,부산광역시 서구 구덕로 179 (아미동1가),
busandamc,동아대학교병원,7,부산,부산광역시 서구 대신공원로 26 (동대신동3가),
busandalpangeent,"부산달팽이 신경과,이비인후과 의원",18,부산,부산광역시 수영구 수영로 675 큐비 메디컬센터 6층 (광안동),
busanent,부산이비인후과의원,9,부산,부산광역시 연제구 중앙대로 1077 상계빌딩 1층 (연산동),
busanhappyent,부산행복이비인후과의원,11,부산,"부산광역시 연제구 중앙대로 1111 9층 901호 (연산동, 위드타워)",
busaneasysooment,이지숨 이비인후과의원,11,부산,부산광역시 중구 구덕로 40 (남포동2가),
busanheojunent,허준이비인후과의원,9,부산,"부산광역시 해운대구 센텀2로 20 1204호 (우동, 센텀타워메디칼)",
busanjungkiment,정앤김이비인후과의원,10,부산,"부산광역시 해운대구 좌동순환로 174 거성빌딩 402,802일부,901,902호 (좌동)",
busanpaikhaeundae,인제대학교 해운대백병원,12,부산,부산광역시 해운대구 해운대로 875 (좌동),
seoulfreshent,프레쉬이비인후과의원,10,서울,"서울특별시 강남구 남부순환로 2615 203~207,209,304호 (도곡동, 극동스타클래스)",
seoulleetaekyu,이태규신경과의원,8,서울,서울특별시 강남구 논현로 648 선기빌딩 4층 (논현동),
seoulsleephopital,서울수면의원,6,서울,"서울특별시 강남구 논현로 704 2층 / 강남구 학동로 203, 3층 (논현동)",
seoulseoulspecialsleep,서울스페셜수면의원,9,서울,"서울특별시 강남구 논현로 717 1층일부, 2층~4층 (논현동)",
seouljeilent,제일이비인후과의원,9,서울,"서울특별시 강남구 논현로131길 23 지상2층, 3층, 4층, 5층 (논현동)",
seoulgoodsleep,굿슬립신경과의원,8,서울,서울특별시 강남구 논현로159길 17 202호 (신사동),
seouldreamsleep,드림수면의원,6,서울,"서울특별시 강남구 도산대로 107 BIO, 8층 일부 (신사동)",
seoulforest,서울포레스트정신건강의학과의원,15,서울,서울특별시 강남구 도산대로 420 청담스퀘어 212호 (청담동),
seoulsoomsleep,숨수면의원,5,서울,"서울특별시 강남구 봉은사로 310 숨빌딩 2,3,4층 (역삼동)",동명
seoulysbent,연세봄이비인후과의원,10,서울,서울특별시 강남구 봉은사로 331 SH타워 2층 (논현동),동명
seoulgsiseverance,연세대학교의과대학 강남세브란스병원,18,서울,서울특별시 강남구 언주로 211 강남세브란스병원 (도곡동),
seoulhanaent,하나이비인후과병원,9,서울,"서울특별시 강남구 역삼로 245 (역삼동, 지하2층일부 1층일부 2층~6층)",동명
seoulgandg,지앤지병원,5,서울,서울특별시 강남구 영동대로 626 2~10층,
seoulsamsungseoulhosp,삼성서울병원,6,서울,"서울특별시 강남구 일원로 81 (일원동, 삼성의료원)",
seouldanaivyent,선릉다나아이비인후과의원,12,서울,서울특별시 강남구 테헤란로 310 두꺼비빌딩 3층 (역삼동),
seoulcosleep,코슬립수면의원,7,서울,"서울특별시 강남구 테헤란로 333 7층일부, 12층 (역삼동)",
seoulyounseisooment,연세고른숨이비인후과의원,12,서울,서울특별시 강남구 테헤란로 401 남경센타 10층 2호 (삼성동),
seoulcheongdament,청담성모이비인후과의원,11,서울,서울특별시 강남구 학동로53길 3-2 2층 (논현동),
seoulkhnmc,강동경희대학교의대병원,11,서울,서울특별시 강동구 동남로 892 (상일동),
seoulkdc,성심의료재단강동성심병원,12,서울,서울특별시 강동구 성안로 150 (길동),
seoulyounyounent,윤앤윤이비인후과의원,10,서울,서울특별시 강동구 올림픽로 781 우리들클리닉 3층,동명
seoulseoulbohun,한국보훈복지의료공단 중앙보훈병원,17,서울,서울특별시 강동구 진황도로61길 53 (둔촌동),
seoulkangbookboasent,강북보아스이비인후과의원,12,서울,"서울특별시 강북구 도봉로 255 나라빌딩 2,7,9층",
seoulsoomhopital,숨이편한병원,6,서울,서울특별시 강서구 강서로 323 4~8층,
seoulgshanaent,강서하나이비인후과의원,11,서울,"서울특별시 강서구 강서로 43 203,202일부호 (화곡동, 도양라비앙타워)",
seoulehwahospital,이화여자대학교의과대학부속서울병원,17,서울,서울특별시 강서구 공항대로 260 이화의대부속서울병원 (마곡동),
seoulsamsungsleepandmind,삼성슬립앤마인드의원,10,서울,서울특별시 강서구 마곡중앙5로 22 504층 (마곡동),
seoulcoolent,시원한이비인후과의원,10,서울,"서울특별시 강서구 마곡중앙5로 81 에스비타운 2층 202,203,204호 (마곡동)",
seoulsamsungwoorient,삼성우리이비인후과의원,11,서울,"서울특별시 강서구 방화동로 92 에스메디컬 3,4,5층 (방화동)",
seoulkwanaksaintent,관악성모이비인후과의원,11,서울,서울특별시 관악구 관악로 186-2 (봉천동),
seoulhplusyangji,에이치플러스 양지병원,11,서울,서울특별시 관악구 남부순환로 1636 양지병원 (신림동),
seoulsinlim,신림신경과의원,7,서울,"서울특별시 관악구 신림로 350 5층 (신림동, 서원프라자, 태영아파트)",
seoulkuh,건국대학교병원,7,서울,서울특별시 광진구 능동로 120-1 (화양동),
seoulnationalcenter,국립정신건강센터,8,서울,"서울특별시 광진구 용마산로 127 (중곡동, 국립정신건강센터)",
seoulgurokumc,고려대학교의과대학부속구로병원,15,서울,서울특별시 구로구 구로동로 148 고려대부속구로병원 (구로동),
seoulsindorimhanaent,신도림하나이비인후과의원,12,서울,"서울특별시 구로구 새말로 89 태영빌딩 202,501호 (구로동)",
seoulpaiksanggye,인제대학교 상계백병원,11,서울,서울특별시 노원구 동일로 1342 상계백병원 (상계동),
seoulnewskyent,새하늘이비인후과의원,10,서울,서울특별시 노원구 동일로 1548 (상계동),
seoulclearsooment,맑은숨이비인후과의원,10,서울,"서울특별시 노원구 초안산로2라길 26 상가동 201,202,203,205호 (월계동, 월계센트럴아이파크아파트)",
seoulnowoneulji,노원을지대학교병원,9,서울,서울특별시 노원구 한글비석로 68 을지병원 (하계동),
seoulkhuh,경희대학교병원,7,서울,서울특별시 동대문구 경희대로 23 (회기동),
seoulsymcs,삼육서울병원,6,서울,서울특별시 동대문구 망우로 82 (휘경동),
seoulnaturem,내이처럼치과병원,8,서울,"서울특별시 동작구 동작대로27다길 26 2층 (사당동, 사당동 주상복합)",
seoulboramae,서울특별시보라매병원,10,서울,서울특별시 동작구 보라매로5길 20 (신대방동),
seoulcauhs,중앙대학교병원,7,서울,서울특별시 동작구 흑석로 102 (흑석동),
seoulrapent,랩이비인후과의원,8,서울,서울특별시 마포구 양화로 61 두암빌딩,
seoulyuhseverance,연세대학교의과대학세브란스병원,15,서울,서울특별시 서대문구 연세로 50-1 (신촌동),
seoulcmcseoul,학교법인가톨릭학원가톨릭대학교서울성모병원,21,서울,서울특별시 서초구 반포대로 222 (반포동),
seouldeepsleep,딥슬립의원,5,서울,"서울특별시 서초구 반포대로 58 201~210, 230호",
seoulseochosaintent,서초성모이비인후과의원,11,서울,"서울특별시 서초구 반포대로27길 13 2층 203,204,205호 (서초동, 서초꽃마을 주얼리)",
seoulwithent,연세위드이비인후과의원,11,서울,"서울특별시 서초구 서초중앙로 125 로이어즈타워 8층 803(일부),804호 (서초동)",
seoulseochoent,서초맑은이비인후과의원,11,서울,"서울특별시 서초구 효령로 403 서초그랑자이 상가 408,409,410 일부호 (서초동)",
seoulhyumc,한양대학교병원,7,서울,서울특별시 성동구 왕십리로 222-1 (사근동),
seoulanamkumc,학교법인 고려중앙학원 고려대학교의과대학부속병원(안암병원),31,서울,서울특별시 성북구 고려대로 73 고려대병원 (안암동5가),긴이름(31자)
seoulgoodayent,굿데이이비인후과의원,10,서울,"서울특별시 성북구 돌곶이로 25 2층 (석관동, 씨티홈)",
seoulsamheyent,삼혜이비인후과의원,9,서울,"서울특별시 성북구 동소문로 18-1 2, 3층 (동소문동2가, 애산빌딩)",
seoulstarent,스타이비인후과의원,9,서울,서울특별시 송파구 백제고분로 365 7층 (석촌동),
seoulthehanstarent,더한별이비인후과의원,10,서울,"서울특별시 송파구 송파대로 365 2층,3층 (석촌동)",
seoulace,에이스신경과의원,8,서울,서울특별시 송파구 송파대로 437 청솔학원 5층,
seouleasybrainsongpa,이지브레인송파 정신건강의학과의원,17,서울,서울특별시 송파구 올림픽로 102 서일빌딩 6층 603호 (잠실동),
seoulamcseoul,재단법인아산사회복지재단 서울아산병원,19,서울,서울특별시 송파구 올림픽로43길 88 서울아산병원 (풍납동),
seoulmokdongcentralent,목동센트럴이비인후과의원,12,서울,"서울특별시 양천구 공항대로 630 3층 302,303호",
seouleumc,이화여자대학교의과대학부속목동병원,17,서울,서울특별시 양천구 안양천로 1071 (목동),
seoulmokdongcoent,목동코엔이비인후과의원,11,서울,"서울특별시 양천구 오목로 299 4층 404호 (목동, 트라팰리스웨스턴에비뉴)",
seoulcmcsungmo,가톨릭대학교 여의도성모병원,14,서울,서울특별시 영등포구 63로 10 여의도성모병원 (여의도동),
seoulmoonraecoent,문래코아이비인후과의원,11,서울,서울특별시 영등포구 당산로 34 로데오 ？ 쇼핑몰 A동 3층 301호 (문래동3가),
seoulsinchangim,신창내과의원,6,서울,서울특별시 영등포구 디지털로 369 (대림동),
seoulkangnamsungsim,한림대학교 강남성심병원,12,서울,"서울특별시 영등포구 신길로 1 (대림동, 강남성심병원)",
seoulschmc,순천향대학교 부속 서울병원,14,서울,서울특별시 용산구 대사관로 59 (한남동),
seoulasanent,서울아산이비인후과의원,11,서울,"서울특별시 은평구 불광로 25 2,3층 (대조동)",동명
seoulenpyungsaint,가톨릭대학교 은평성모병원,13,서울,서울특별시 은평구 통일로 1021 (진관동),
seoulsnuh,서울대학교병원,7,서울,서울특별시 종로구 대학로 101 (연건동),
seoulkbsmc,강북삼성병원,6,서울,서울특별시 종로구 새문안로 29 (평동),
seoulcocoent,코코이비인후과의원,9,서울,서울특별시 종로구 종로 205 (종로5가),
seoulyounseisolent,연세솔이비인후과의원,10,서울,서울특별시 종로구 지봉로 37-1 6층 (창신동),
seoulboasent,보아스이비인후과의원,10,서울,"서울특별시 중구 다산로 111 3층 (신당동, 한미빌딩)",
seoulpaik,인제대학교 서울백병원,11,서울,서울특별시 중구 마른내로 9-9 (저동2가),
seoulmyungdongent,명동연세이비인후과의원,11,서울,"서울특별시 중구 명동9가길 12 2,3,4층 (을지로2가)",
seoulnmc,국립중앙의료원,7,서울,서울특별시 중구 을지로 245 (을지로6가),
seoulsunent,선이비인후과의원,8,서울,"서울특별시 중랑구 망우로 353 c동 314호 (상봉동, 상봉 프레미어스 엠코)",
ghmsclinic,광화문숲 정신건강의학과의원,14,서울,서울 종로구 종로3길 34 삼송빌딩 6층,주소_시도약칭
sejongsorisooment,소리숨이비인후과의원,10,세종,세종특별자치시 나성로 96 더센트럴 421호 (나성동),
sejongchoongnamuniv,세종충남대학교병원,9,세종,세종특별자치시 보듬7로 20 세종충남대학교병원 (도담동),
sejongcoalent,코알이비인후과의원,9,세종,세종특별자치시 한누리대로 2018 사이언스타운 4층 403~406호 (소담동),
sejongdoomiso,두미소신경과의원,8,세종,세종특별자치시 한누리대로 249 408~410호,
sejongseoulsamsungent,서울삼성이비인후과의원,11,세종,"세종특별자치시 한누리대로 275 형성프라자 401호,402호 (나성동)",
ulsangoodmornigent,굿모닝이비인후과의원,10,울산,"울산광역시 남구 남중로 37 5,6,7층 (삼산동)",
ulsanhanaent,하나이비인후과병원,9,울산,울산광역시 남구 삼산로 139 (달동),동명
ulsanuuhulsan,학교법인 울산공업학원 울산대학교병원,19,울산,울산광역시 동구 대학병원로 25 울산대학교병원 (전하동),
incheonincheonsejong,인천세종병원,6,인천,인천광역시 계양구 계양문화로 20- (작전동),
incheonbscoaent,비에스코아이비인후과의원,12,인천,"인천광역시 계양구 봉오대로 668 2,3,5층 201,202,303,501호 (작전동)",
incheongilhospital,의료법인 길의료재단 길병원,14,인천,인천광역시 남동구 남동대로774번길 21-0 의료법인길의료재단길병원,
incheonsoomsleep,숨수면의원,5,인천,인천광역시 남동구 인주대로 582 신현프라자 6층 602호 (구월동),동명
incheonnonhyunseoulent,논현서울이비인후과의원,11,인천,"인천광역시 남동구 청능대로 581 광성프라자 2층 202,203호 (논현동)",
incheoncleancoaent,맑은코아이비인후과의원,11,인천,인천광역시 미추홀구 낙섬중로 138 미추홀프라자 3층일부층 (용현동),
incheondainent,다인이비인후과병원,9,인천,"인천광역시 부평구 경원대로 1242 지하1(일부)층, 1(일부)층, 3층, 4(일부)층, 5층, 6층, 7(일부)층 우암빌딩 (산곡동)",
incheoncmcism,가톨릭대학교인천성모병원,12,인천,인천광역시 부평구 동수로 56- (부평동),
incheoncoaent,코아이비인후과의원,9,인천,인천광역시 부평구 마장로 338 2층 일부호 (산곡동),동명
incheonopenent,열린이비인후과의원,9,인천,"인천광역시 서구 봉오재3로 44 2층 (가정동, 명문프라자)",동명
incheonish,가톨릭관동대학교 국제성모병원,15,인천,인천광역시 서구 심곡로100번길 25-0 인천국제성모병원,
incheonlooganaen,의료법인루가의료재단 나은병원,15,인천,인천광역시 서구 원적로 23- 23,
incheonkumdanysent,검단연세이비인후과의원,11,인천,"인천광역시 서구 이음대로 378 로뎀타워 604, 605, 606호 (원당동)",
incheonbestent,베스트이비인후과의원,10,인천,"인천광역시 연수구 랜드마크로 68 301동 2층 234,266,267,268호 (송도동, 랜드마크시티센트럴더샵)",동명
incheonnlent,늘이비인후과의원,8,인천,"인천광역시 연수구 센트럴로 415 힐스테이트 송도 더테라스 판매시설동 2층 233,234,235,236,237호 (송도동)",
incheonkimyounghyoent,김영효이비인후과의원,10,인천,"인천광역시 연수구 신송로 161 송도 하이츠 3층 305,306호 (송도동)",
incheonsongdocoent,송도코엔이비인후과의원,11,인천,인천광역시 연수구 해돋이로 168-2,
incheoninha,인하대학교의과대학부속병원,13,인천,인천광역시 중구 인항로 27 (신흥동3가),
incheonclearskyent,맑은하늘이비인후과의원,11,인천,인천광역시 중구 하늘중앙로 193 조양타워 603호 (중산동),
gdcentralentclinic,검단센트럴이비인후과의원,12,인천,인천 서구 고산후로 222 푸리마더타워 601~604호,주소_시도약칭
jeonnamhadangdreament,하당드림이비인후과의원,11,전남,전라남도 목포시 백년대로 295 2층 (상동),
jeonnamjoyunent,조연이비인후과병원,9,전남,전라남도 목포시 백년대로 298 (상동),
jeonnamhadangmokpoent,하당목포이비인후과의원,11,전남,전라남도 목포시 백년대로 391 (옥암동),
jeonnamenosent,이노스이비인후과병원,10,전남,전라남도 순천시 봉화3길 14-28 (조례동),
jeonnamhanaent,하나이비인후과의원,9,전남,"전라남도 순천시 이수로 305 2층~4층층 (조례동, 동부클라이밍,NEPA)",동명
jeonnamschwang,황인용신경과의원,8,전남,전라남도 순천시 이수로 321 6층 (조례동),
jeonnamsooent,수이비인후과의원,8,전남,전라남도 순천시 중앙로 67 3층 (저전동),
jeonnambestent,최고이비인후과의원,9,전남,전라남도 여수시 중앙로 30 2층 (교동),동명
jeonbukgssokim,군산속편한내과의원,9,전북,전라북도 군산시 공단대로 589,
jeonbukdreament,드림이비인후과의원,9,전북,전라북도 익산시 무왕로9길 7,동명
jeonbukcuh,전북대학교병원,7,전북,전라북도 전주시 덕진구 건지로 20,
jeonbukdaejain,대자인병원,5,전북,전라북도 전주시 덕진구 견훤로 390,
jeonbukjeonjoodoolove,전주두사랑신경과의원,10,전북,전라북도 전주시 덕진구 백제대로 686,
jeonbukchament,참이비인후과의원,8,전북,전라북도 전주시 덕진구 솔내로 152,동명
jeonbukbestent,베스트이비인후과의원,10,전북,전라북도 전주시 완산구 쑥고개로 317,동명
jeonbuktopent,탑이비인후과의원,8,전북,전라북도 전주시 완산구 온고을로 26,
jeonbukkybent,김양박이비인후과의원,10,전북,전라북도 전주시 완산구 용머리로 66,
jejuseoulasanent,서울아산이비인후과의원,11,제주,제주특별자치도 서귀포시 일주동로 8694,동명
jejusamsunggood,삼성맘편한신경과의원,10,제주,제주특별자치도 서귀포시 중앙로 113 2층,
jejubestent,최고이비인후과의원,9,제주,제주특별자치도 제주시 노형로 376 2층,동명
jejuclearent,상쾌한이비인후과의원,10,제주,"제주특별자치도 제주시 동광로 124 3,4,5층",동명
jejujejujuuh,제주대학교병원,7,제주,제주특별자치도 제주시 아란13길 15- 제주대학교병원 (아라일동),
jejucleanent,맑은수면이비인후과의원,11,제주,"제주특별자치도 제주시 원노형남1길 1 더현빌딩 2,3층 (노형동)",
chungnamcoaent,코아이비인후과의원,9,충남,충남 당진시 당진중앙2로 96,동명|주소_시도약칭
chungnamchament,참이비인후과의원,8,충남,충청남도 서산시 호수공원6로 53,동명
chungnamclearent,상쾌한이비인후과의원,10,충남,충청남도 아산시 배방읍 배방로 49 (),동명
chungnamasandoorient,아산두리이비인후과의원,11,충남,충청남도 아산시 번영로 223 3층 301호,
chungnamtangjungent,탕정열린이비인후과의원,11,충남,"충청남도 아산시 탕정면 한들물빛도시로 85 2,3,4층",
chungnamdkuh,단국대학교의과대학부속병원,13,충남,충청남도 천안시 동남구 망향로 201 (안서동),
chungnamschmccheonan,순천향대학교부속 천안병원,13,충남,"충청남도 천안시 동남구 순천향6길 31 5동 (봉명동,순천향대학교병원)",
chungnamcleanent,맑은이비인후과의원,9,충남,"충청남도 천안시 서북구 불당21로 67-26 2층 201,202,203호 (불당동)",
chungnamsamsungsmartkjs,삼성스마트김석재신경과의원,13,충남,충청남도 천안시 서북구 불당21로 67-8 5층 503호 (불당동),
chungnamdoorient,두리이비인후과의원,9,충남,"충청남도 천안시 서북구 쌍용1길 21 2,3,4층 (쌍용동)",동명
chungbukchoongbookuniv,충북대학교병원,7,충북,충청북도 청주시 서원구 1순환로 776-0 충북대학교병원,
chungbukcoaent,코아이비인후과의원,9,충북,"충청북도 청주시 서원구 사직대로 108 하나로상호저축은행 지하1,지상1층 (사창동)",동명
chungbukseoulent,서울이비인후과의원,9,충북,충청북도 청주시 청원구 공항로 126 3층,동명
chungbukhanaent,하나이비인후과의원,9,충북,충청북도 청주시 청원구 상당로 291 (내덕동),동명
chungbukdreament,드림이비인후과의원,9,충북,충청북도 청주시 청원구 주성로 269 미래빌딩 3층 301호 (주성동),동명
chungbukdoctoryounent,닥터연이비인후과의원,10,충북,충청북도 청주시 흥덕구 2순환로 1234 3층 301호,
chungbukcjhana,의료법인한마음의료재단하나병원,15,충북,충청북도 청주시 흥덕구 2순환로 1262-0 하나병원,
chungbukdoorient,두리이비인후과의원,9,충북,충청북도 청주시 흥덕구 가경로 8,동명
chungbukbrain,브레인신경과의원,8,충북,충청북도 청주시 흥덕구 복대동 대농로 56,
chungbukyounseient,연세이비인후과의원,9,충북,충청북도 청주시 흥덕구 풍산로 32 1층 2층 (가경동),
chungbukankihyunent,안기현이비인후과의원,10,충북,대한민국 충청북도 충주시 칠금동 867,주소_대한민국접두
